website,cdn_first,min,max,mean,median_first,cdn_min_median,median_min_median,diff,CDNChoiceGood
123rf.com,13.227.74.17,1.44,2.71,1.623,1.475,13.227.74.11,1.1349999999999998,0.3400000000000003,False
20min.ch,108.139.10.50,0.85,2.03,1.0055,0.8755,108.139.10.50,0.8755,0.0,True
20minutes.fr,13.227.74.125,1.53,2.73,1.6949999999999998,1.57,13.227.74.125,1.57,0.0,True
20minutos.es,18.155.202.102,0.837,1.16,0.9539000000000002,0.9205,18.155.202.102,0.9205,0.0,True
24.hu,108.138.246.126,0.79,1.29,0.8857999999999999,0.834,108.138.246.126,0.799,0.03499999999999992,True
2dehands.be,3.169.183.18,0.824,1.87,0.9751,0.863,3.169.183.18,0.863,0.0,True
365scores.com,13.35.121.116,0.944,2.08,1.223,1.0175,13.35.121.116,0.988,0.02950000000000008,True
3ds.com,13.35.121.86,0.894,2.18,1.0796,0.962,108.138.246.84,0.9105,0.05149999999999999,False
3lift.com,65.8.161.46,0.971,1.79,1.1526999999999998,1.06,65.8.161.82,1.0550000000000002,0.004999999999999893,False
4wps.net,108.139.10.8,0.79,1.47,0.9056999999999998,0.83,108.139.10.8,0.809,0.020999999999999908,True
500px.com,18.239.199.4,0.265,1.67,0.4433999999999999,0.313,18.239.199.4,0.313,0.0,True
8ballpool.com,65.8.161.42,0.292,0.913,0.4589,0.4125,65.8.161.25,0.3405,0.07199999999999995,False
99acres.com,23.33.32.138,113.0,114.0,113.4,113.0,96.16.55.41,3.08,109.92,False
a-mo.net,3.168.86.93,0.849,2.01,1.0747,0.9055,3.168.86.6,0.897,0.008499999999999952,False
a47b.com,3.168.84.91,0.823,1.85,0.9444,0.8465,3.168.84.110,0.836,0.010500000000000065,False
aa.com,104.99.48.133,0.763,1.53,0.8615999999999999,0.791,104.99.48.133,0.791,0.0,True
aajtak.in,23.67.33.139,3.07,3.14,3.101,3.105,23.67.33.223,1.065,2.04,False
abc.com,65.8.161.63,0.946,2.18,1.0946000000000002,0.9805,65.8.161.4,0.971,0.009500000000000064,False
abc.es,23.212.62.196,1.38,1.55,1.43,1.4049999999999998,23.216.149.148,0.786,0.6189999999999998,False
abc.net.au,23.45.136.113,1.52,1.65,1.56,1.54,104.99.48.130,0.93,0.61,False
aboutads.info,18.239.199.87,0.898,5.78,1.5872000000000002,0.9765,18.239.199.99,0.867,0.10950000000000004,False
aboutamazon.com,65.8.161.69,0.932,1.76,1.0501999999999998,0.963,65.8.161.69,0.963,0.0,True
abplive.com,23.192.228.73,0.81,1.29,0.8985,0.8514999999999999,23.192.228.73,0.8514999999999999,0.0,True
academia.edu,108.138.246.2,0.855,2.48,1.0742,0.9145,108.138.246.2,0.9145,0.0,True
acast.com,99.84.238.131,0.894,1.52,1.0107,0.9665,99.84.238.161,0.9635,0.0030000000000000027,False
accuweather.com,104.89.224.71,2.28,2.64,2.372,2.335,104.89.224.71,2.315,0.020000000000000018,True
activision.com,23.37.17.218,2.23,2.39,2.281,2.26,104.107.105.200,0.815,1.4449999999999998,False
ad.nl,23.46.216.201,2.25,2.76,2.355,2.285,23.216.149.138,0.863,1.4220000000000002,False
ada.support,99.84.238.129,0.905,5.89,1.581,0.975,99.84.238.112,0.9665,0.008499999999999952,False
adda247.com,13.227.74.44,1.42,2.18,1.527,1.44,13.227.74.44,1.44,0.0,True
adentifi.com,13.35.121.42,0.942,2.99,1.1745,0.974,13.35.121.42,0.974,0.0,True
adevarul.ro,18.155.192.81,0.283,0.825,0.3943,0.3405,18.155.192.81,0.3405,0.0,True
adingo.jp,3.169.183.59,0.251,0.895,0.3283,0.267,3.169.183.59,0.267,0.0,True
adlightning.com,108.139.10.71,0.781,1.42,0.9065,0.854,108.139.10.71,0.796,0.05799999999999994,True
admanmedia.com,104.100.62.175,2.29,3.72,2.593,2.34,104.100.62.175,2.34,0.0,True
adobe.com,23.67.33.138,3.06,3.63,3.144,3.09,23.67.33.138,3.09,0.0,True
adsafeprotected.com,18.244.214.97,0.834,2.71,1.0778,0.9105,18.244.214.42,0.8765000000000001,0.03399999999999992,False
aepd.es,23.212.62.200,1.3,1.94,1.406,1.335,23.216.149.141,0.8314999999999999,0.5035000000000001,False
agenziaentrate.gov.it,23.192.118.89,138.0,143.0,138.9,138.0,23.192.118.27,134.0,4.0,False
ahagamecenter.com,18.244.214.114,0.278,1.18,0.4009,0.297,18.244.214.114,0.297,0.0,True
aircanada.com,23.47.185.180,0.789,4.21,1.2059000000000002,0.8354999999999999,104.99.50.65,0.8065,0.028999999999999915,False
ajax.systems,3.168.86.78,0.869,2.09,1.0506,0.925,3.168.86.78,0.925,0.0,True
aka.ms,23.1.102.151,1.35,2.0,1.5379999999999998,1.4449999999999998,104.99.49.220,0.8485,0.5964999999999998,False
akamai.com,23.211.139.197,0.797,0.984,0.8542,0.8394999999999999,23.211.139.197,0.8394999999999999,0.0,True
alhurra.com,23.202.199.206,2.25,2.61,2.343,2.31,23.38.227.33,2.265,0.04499999999999993,False
alltrails.com,65.8.161.48,0.308,1.17,0.4918,0.3545,65.8.161.17,0.3105,0.043999999999999984,False
alodokter.com,23.62.46.173,0.801,1.22,0.8880000000000001,0.8305,23.62.46.173,0.8305,0.0,True
alphapolis.co.jp,18.173.120.201,0.263,0.786,0.3500999999999999,0.303,18.173.120.201,0.2735,0.02949999999999997,True
altema.jp,23.62.46.181,0.778,1.25,0.9336,0.8625,23.216.149.152,0.82,0.04250000000000009,False
amarujala.com,108.138.246.70,0.845,1.91,0.9984000000000002,0.8935,108.138.246.70,0.8935,0.0,True
amazonses.com,18.239.199.128,0.847,1.57,1.0593,1.05,18.239.199.101,0.911,0.139,False
amazonsilk.com,13.35.121.38,0.934,2.33,1.171,1.05,13.35.121.115,0.9895,0.0605,False
amazontrust.com,18.173.121.110,0.822,1.02,0.8782,0.8614999999999999,18.173.121.110,0.8614999999999999,0.0,True
amazonvideo.com,18.155.202.12,0.83,1.94,0.9842,0.8645,18.155.202.12,0.8645,0.0,True
ambitionbox.com,23.56.4.208,1.45,1.66,1.534,1.525,23.56.4.208,1.47,0.05499999999999994,True
amd.com,23.45.136.99,1.28,2.23,1.438,1.36,104.99.48.117,0.8505,0.5095000000000001,False
americanexpress.com,184.85.76.134,10.0,13.6,10.579999999999998,10.1,184.85.76.134,10.1,0.0,True
americanprogress.org,3.169.183.31,0.286,1.68,0.4723999999999999,0.3185,18.239.199.40,0.2935,0.025000000000000022,False
amperwave.net,18.155.202.17,0.849,1.5,0.9667,0.906,18.155.202.101,0.8805000000000001,0.025499999999999967,False
amtrak.com,23.214.100.193,1.32,1.41,1.355,1.35,23.214.100.193,1.3450000000000002,0.004999999999999893,True
ana.co.jp,23.202.196.69,2.26,2.84,2.402,2.335,23.202.196.69,2.335,0.0,True
angi.com,23.216.149.83,0.791,1.01,0.8497999999999999,0.8305,23.216.149.83,0.8305,0.0,True
aniview.com,99.84.191.41,68.3,72.2,68.93000000000002,68.4,99.84.191.9,66.6,1.8000000000000114,False
ankr.com,18.155.192.50,0.848,3.45,1.1958,0.9115,18.155.192.35,0.9075,0.0040000000000000036,False
anydesk.com,18.238.192.84,0.848,3.39,1.159,0.895,18.238.192.84,0.895,0.0,True
ap.org,23.56.125.133,2.22,3.08,2.335,2.245,23.56.125.133,2.245,0.0,True
apachefriends.org,185.199.109.153,0.922,22.2,3.2329,1.105,185.199.108.153,1.015,0.09000000000000008,False
apartments.com,23.37.17.136,0.939,1.9,1.0745,0.9885,23.37.17.136,0.9885,0.0,True
app.link,18.238.192.117,0.86,2.95,1.2803,0.93,3.168.86.74,0.8985000000000001,0.03149999999999997,False
appfolio.com,3.168.86.125,0.874,1.92,1.0224,0.897,3.168.86.125,0.897,0.0,True
apple.news,104.100.68.214,0.949,2.1,1.1090000000000002,0.9955,104.100.68.214,0.9955,0.0,True
appsflyersdk.com,18.173.121.38,0.851,1.82,1.0432,0.9105,18.173.121.98,0.8945000000000001,0.015999999999999903,False
apuestatotal.com,65.8.161.28,0.3,1.25,0.4201,0.331,65.8.161.49,0.3275,0.003500000000000003,False
archdaily.com,3.168.86.93,0.768,1.64,0.8919,0.8035000000000001,3.168.86.93,0.8035000000000001,0.0,True
arcpublishing.com,18.238.192.112,0.872,1.9,1.0556,0.93,18.238.192.8,0.8925000000000001,0.03749999999999998,False
arduino.cc,18.239.199.36,0.289,1.17,0.4091999999999999,0.309,18.239.199.36,0.309,0.0,True
argos.co.uk,23.212.62.199,1.31,2.83,1.576,1.38,23.216.149.153,0.841,0.5389999999999999,False
arkoselabs.com,18.239.199.111,0.253,1.28,0.4048,0.304,18.239.199.15,0.2965,0.007500000000000007,False
as.com,23.44.229.233,3.06,4.4,3.2589999999999995,3.125,23.62.46.102,0.923,2.202,False
asahi.com,104.100.59.150,2.23,3.14,2.341,2.26,104.100.59.150,2.26,0.0,True
asda.com,184.28.121.40,1.34,2.65,1.535,1.42,104.99.49.42,0.845,0.575,False
asos.com,69.192.139.83,3.04,3.76,3.1610000000000005,3.1,69.192.139.108,3.08,0.020000000000000018,False
atlassian.com,108.138.246.93,0.809,1.96,0.9746,0.8625,108.138.246.93,0.8625,0.0,True
attentionxyz.com,18.173.121.127,0.265,0.598,0.3329,0.309,18.173.121.127,0.309,0.0,True
audiomack.com,18.155.192.23,0.279,0.613,0.3496,0.3135,18.155.192.23,0.3135,0.0,True
autoscout24.de,18.155.202.70,0.849,1.43,0.9622,0.903,18.155.202.53,0.896,0.007000000000000006,False
autoscout24.it,18.155.202.107,0.285,0.35,0.3061999999999999,0.3015,18.155.202.107,0.3015,0.0,True
autotrader.com,23.55.196.215,1.42,2.1,1.515,1.4449999999999998,23.55.196.215,1.4449999999999998,0.0,True
autozone.com,23.37.17.59,3.11,4.43,3.44,3.18,23.37.17.59,3.18,0.0,True
avast.com,23.37.17.178,3.06,3.57,3.145,3.085,23.37.17.178,3.085,0.0,True
aviasales.com,18.244.214.115,0.296,3.04,0.5968,0.3255,18.244.214.115,0.3255,0.0,True
aviasales.ru,3.168.86.91,0.808,1.32,0.8966,0.8425,18.173.121.105,0.2995,0.543,False
awin1.com,18.155.192.122,0.273,1.19,0.3928999999999999,0.305,18.155.192.122,0.305,0.0,True
aws.com,13.227.74.65,1.15,2.25,1.29,1.18,13.227.74.115,1.14,0.040000000000000036,False
awsapps.com,3.168.86.116,0.857,2.03,1.025,0.9085,3.168.86.116,0.9085,0.0,True
axios.com,65.8.161.108,0.286,0.956,0.4160999999999999,0.3745,65.8.161.98,0.3585,0.016000000000000014,False
axisbank.com,23.37.18.32,2.23,2.68,2.364,2.305,23.37.18.32,2.295,0.010000000000000231,True
axonix.com,13.227.74.29,1.52,2.67,1.6809999999999998,1.57,13.227.74.29,1.57,0.0,True
baby-calendar.jp,3.168.86.93,0.823,1.84,1.0908,0.8755,3.168.86.105,0.8185,0.05699999999999994,False
bajajfinserv.in,23.37.18.157,3.07,3.16,3.1090000000000004,3.105,23.37.18.157,3.105,0.0,True
bambuser.com,18.173.121.53,0.852,3.97,1.2027,0.8845000000000001,18.173.121.47,0.8585,0.026000000000000023,False
banco.bradesco,23.62.46.181,0.797,1.79,0.9399,0.837,23.216.149.155,0.8075000000000001,0.02949999999999986,False
bancointer.com.br,18.238.192.83,0.85,5.05,1.3041999999999998,0.8865000000000001,18.238.192.83,0.8865000000000001,0.0,True
bancosantander.es,23.55.196.117,1.42,1.79,1.484,1.435,23.55.196.117,1.435,0.0,True
bandlab.com,65.8.161.78,0.309,1.25,0.5005,0.338,65.8.161.16,0.2985,0.039500000000000035,False
bankbazaar.com,23.47.181.88,1.31,1.4,1.348,1.35,23.47.181.88,1.35,0.0,True
barchart.com,18.173.121.124,0.269,0.349,0.3029,0.3025,18.173.121.124,0.3025,0.0,True
barrons.com,18.155.202.113,0.261,0.908,0.3643999999999999,0.3045,18.155.202.113,0.3045,0.0,True
bartleby.com,108.138.246.20,0.885,2.07,1.0515,0.912,108.138.246.73,0.8895,0.022500000000000075,False
baycrews.jp,23.56.120.97,2.25,3.21,2.3750000000000004,2.285,23.56.120.97,2.28,0.0050000000000003375,True
bbva.com,23.38.228.229,3.06,4.48,3.3400000000000007,3.075,23.38.228.229,3.06,0.015000000000000124,True
bedbathandbeyond.com,23.38.224.155,3.02,3.43,3.0930000000000004,3.05,23.38.224.155,3.05,0.0,True
bellemaison.jp,23.211.139.200,0.793,0.917,0.8404999999999999,0.8305,23.216.149.142,0.81,0.020499999999999963,False
beritasatu.com,18.173.121.72,0.289,0.704,0.3907,0.3275,18.173.121.36,0.2985,0.029000000000000026,False
bestbuy.com,23.47.184.233,0.792,0.915,0.851,0.847,23.47.184.233,0.847,0.0,True
bestwestern.com,23.38.232.180,2.24,2.48,2.32,2.305,23.38.232.180,2.305,0.0,True
bet30.click,13.35.121.68,0.826,1.85,0.9665,0.858,13.35.121.68,0.858,0.0,True
bet91.club,3.169.183.6,0.274,0.414,0.327,0.318,3.169.183.6,0.318,0.0,True
betclic.ci,18.238.192.17,0.284,0.43,0.3252,0.311,18.238.192.17,0.311,0.0,True
bethesda.net,108.138.246.67,0.877,45.3,5.4127,0.923,108.138.246.33,0.8795,0.043500000000000094,False
biblegateway.com,65.8.161.49,1.0,1.91,1.232,1.08,65.8.161.19,1.025,0.05500000000000016,False
biglots.com,104.108.64.177,0.816,1.04,0.866,0.8425,104.108.64.177,0.8425,0.0,True
bikewale.com,3.169.183.73,0.859,2.22,1.1632,0.919,18.238.192.118,0.8755,0.043500000000000094,False
bitmoji.com,18.155.192.21,0.876,2.77,1.1694,0.918,18.155.192.21,0.902,0.016000000000000014,True
blendlabs.com,65.8.161.126,0.3,1.62,0.5006,0.372,65.8.161.60,0.3419999999999999,0.030000000000000082,False
blocket.se,18.173.121.32,0.851,1.56,0.968,0.8925000000000001,18.173.121.47,0.8885000000000001,0.0040000000000000036,False
bluebillywig.com,18.155.202.105,0.273,0.815,0.3809,0.334,18.155.202.2,0.324,0.010000000000000009,False
bluestacks.com,108.139.10.119,0.858,2.11,1.0548000000000002,0.916,108.139.10.119,0.899,0.017000000000000015,True
bmj.com,99.84.238.145,0.931,2.2,1.2428,1.0025,99.84.238.183,0.965,0.03749999999999998,False
bmo.com,23.36.97.178,107.0,108.0,107.1,107.0,92.122.13.108,18.0,89.0,False
bmwgroup.com,104.96.180.163,1.66,4.68,2.039,1.78,104.96.180.163,1.78,0.0,True
boatrace.jp,23.59.206.120,3.03,3.23,3.136,3.135,23.59.206.120,3.135,0.0,True
booking.com,18.239.199.21,0.85,1.09,0.9489999999999998,0.938,18.239.199.14,0.9205,0.01749999999999996,False
bose.com,18.155.192.81,0.274,0.801,0.3942,0.352,18.155.192.47,0.315,0.03699999999999998,False
bradesco.com.br,23.62.46.181,0.813,2.16,0.9988,0.8485,23.62.46.181,0.8485,0.0,True
branch.io,99.84.238.136,0.932,1.99,1.0945,1.015,99.84.238.136,0.94,0.07499999999999996,True
brand-display.com,18.155.202.17,0.286,0.426,0.3255,0.3125,18.155.202.17,0.3125,0.0,True
brave.com,108.138.246.94,0.868,2.56,1.0763000000000005,0.9085,108.138.246.94,0.9085,0.0,True
britishairways.com,104.99.49.81,0.807,2.18,0.9752,0.8525,104.99.49.81,0.8294999999999999,0.02300000000000013,True
britishcouncil.org,23.45.136.41,1.44,1.95,1.515,1.455,104.99.48.50,0.8654999999999999,0.5895000000000001,False
bstatic.com,108.138.246.10,0.793,1.92,0.9306,0.815,18.238.192.93,0.307,0.508,False
bt.dk,3.168.86.120,0.837,2.82,1.1939,0.9305,3.168.86.81,0.8875,0.04300000000000004,False
bugsnag.com,18.155.202.88,0.861,5.0,1.7268,1.0185,18.155.202.52,0.952,0.0665,False
businessinsider.com.pl,18.239.199.7,0.277,0.711,0.3575,0.3175,18.239.199.7,0.3175,0.0,True
businesstoday.in,23.44.229.207,3.05,4.56,3.245,3.095,23.62.46.101,0.8765000000000001,2.2185,False
businesswire.com,23.196.123.36,3.09,6.21,3.465,3.135,23.196.123.36,3.135,0.0,True
bustle.com,65.8.161.17,0.277,1.07,0.4107999999999999,0.333,65.8.161.17,0.333,0.0,True
c-span.org,18.239.199.99,0.871,0.923,0.8906000000000001,0.8895,18.239.199.99,0.8895,0.0,True
c212.net,65.8.161.107,0.922,1.92,1.0752000000000002,0.9905,65.8.161.4,0.9645,0.026000000000000023,False
cadenaser.com,23.62.46.102,0.809,2.43,1.0047,0.847,23.62.46.102,0.847,0.0,True
cafepress.com,18.239.199.73,0.851,2.13,1.0792,0.9625,18.239.199.123,0.8674999999999999,0.09500000000000008,False
callofduty.com,23.44.53.177,117.0,118.0,117.1,117.0,23.37.17.218,2.29,114.71,False
calm.com,18.173.121.52,0.848,1.62,0.9938,0.9015,18.173.121.52,0.8714999999999999,0.030000000000000027,True
campaign-archive.com,23.221.76.7,3.05,4.07,3.1770000000000005,3.075,104.99.48.7,0.803,2.2720000000000002,False
campaign-archive1.com,104.99.48.7,0.82,5.67,1.3637,0.852,104.99.48.7,0.8155,0.03649999999999998,True
canalrcn.com,108.138.246.87,0.8,1.78,0.9354000000000002,0.8245,108.138.246.87,0.8154999999999999,0.009000000000000119,True
capcut.com,23.62.46.182,0.827,2.41,1.0937,0.8545,23.62.46.182,0.8545,0.0,True
cardgames.io,65.8.161.70,0.983,3.13,1.2733,1.0750000000000002,65.8.161.70,1.015,0.060000000000000275,True
care.com,23.216.149.68,0.752,1.31,0.8627,0.7925,23.216.149.68,0.7925,0.0,True
careem-engineering.com,3.168.86.81,0.858,2.2,1.0404000000000002,0.8935,3.168.86.52,0.892,0.0014999999999999458,False
careerpower.in,65.8.161.8,0.309,1.15,0.4503,0.3645,65.8.161.100,0.3215,0.04299999999999998,False
carfax.com,13.35.121.39,0.84,1.59,0.9752999999999998,0.906,13.35.121.66,0.881,0.025000000000000022,False
carnival.com,23.55.218.191,1.29,2.36,1.529,1.39,23.55.218.191,1.36,0.029999999999999805,True
carwale.com,18.173.121.111,0.845,1.32,0.9647,0.9165,18.173.121.111,0.9045,0.01200000000000001,True
casasbahia.com.br,23.67.33.33,3.11,6.44,3.529,3.17,23.216.149.132,0.8525,2.3175,False
cashify.in,13.35.121.11,0.822,1.59,0.9305,0.8365,13.35.121.11,0.8365,0.0,True
casino365online.ws,18.173.121.121,0.292,0.692,0.388,0.3425,18.173.121.121,0.3425,0.0,True
casinoenvivo.club,18.238.192.129,0.31,0.445,0.3508,0.336,18.238.192.129,0.314,0.02200000000000002,True
catawiki.com,104.100.65.247,2.29,5.39,3.0290000000000004,2.39,104.100.65.247,2.31,0.08000000000000007,True
cbc.ca,23.38.233.78,3.09,3.67,3.245,3.135,23.38.233.78,3.135,0.0,True
cbp.gov,23.38.237.249,2.25,2.34,2.301,2.3,23.38.237.249,2.3,0.0,True
ccleaner.com,13.35.121.128,0.828,1.72,0.9338999999999998,0.844,13.35.121.128,0.844,0.0,True
cdn4image.com,142.132.194.184,162.0,163.0,162.1,162.0,46.4.15.55,158.0,4.0,False
cedexis.com,18.155.202.91,0.267,0.39,0.3404,0.352,18.155.202.91,0.352,0.0,True
celtra.com,3.168.86.32,0.793,1.49,0.8794000000000001,0.812,3.168.86.75,0.8109999999999999,0.001000000000000112,False
celuapuestas.io,18.244.214.20,0.295,0.582,0.3873,0.338,18.244.214.20,0.338,0.0,True
certalicup.com,3.168.86.124,0.779,1.6,0.9027,0.836,3.168.86.111,0.825,0.01100000000000001,False
chanel.com,23.211.139.199,0.789,0.838,0.8185,0.8225,23.216.149.149,0.8145,0.008000000000000007,False
chartbeat.com,3.169.183.25,0.895,11.0,2.02,0.9605,3.169.183.25,0.9605,0.0,True
chartboost.com,18.239.199.98,0.851,1.74,1.0574,0.8985000000000001,18.239.199.98,0.8985000000000001,0.0,True
checkpoint.com,13.227.74.122,1.53,2.31,1.766,1.6,99.84.238.174,1.044,0.556,False
cheezburger.com,18.238.192.19,0.304,1.31,0.4846999999999999,0.3455,18.238.192.13,0.3045,0.04099999999999998,False
chewy.com,23.37.16.127,2.24,2.62,2.3120000000000003,2.275,23.37.16.127,2.275,0.0,True
chime.aws,18.155.205.23,0.863,2.08,1.1092,0.961,18.155.205.23,0.935,0.025999999999999912,True
chimpstatic.com,104.86.95.39,2.24,3.52,2.429,2.29,104.86.95.39,2.29,0.0,True
chip.de,23.46.216.199,3.08,4.05,3.208,3.115,23.46.216.199,3.115,0.0,True
choicehotels.com,23.211.139.198,0.79,0.932,0.8295999999999999,0.825,23.211.139.198,0.825,0.0,True
chronicle.com,13.227.74.18,1.52,6.56,2.08,1.565,13.227.74.18,1.565,0.0,True
cia.gov,23.196.118.145,2.22,2.66,2.286,2.245,23.196.118.145,2.24,0.004999999999999893,True
cisa.gov,23.38.237.249,2.26,5.74,2.857,2.32,23.38.237.249,2.295,0.02499999999999991,True
citigroup.com,104.94.222.171,1.99,4.06,2.348,2.115,104.94.222.171,2.115,0.0,True
clashofclans.com,18.155.202.30,0.288,0.401,0.3152,0.3005,18.155.202.30,0.3005,0.0,True
classdojo.com,18.238.192.93,0.271,0.678,0.346,0.308,18.238.192.126,0.2975,0.01050000000000001,False
cleanbrowsing.org,45.32.75.24,8.11,9.45,8.331,8.2,45.32.75.24,8.2,0.0,True
clever.com,18.239.199.80,0.838,1.01,0.8992999999999999,0.886,18.239.199.80,0.886,0.0,True
clevertap-prod.com,18.238.192.105,0.238,0.302,0.2727999999999999,0.2695,18.238.192.105,0.2695,0.0,True
clickcease.com,3.168.86.61,0.776,1.65,0.9049,0.8205,3.168.86.31,0.805,0.015499999999999958,False
clicktripz.com,3.168.86.81,0.856,3.55,1.2552,0.8935,3.168.86.81,0.8825000000000001,0.010999999999999899,True
clickup.com,18.155.202.25,0.28,1.41,0.5016,0.32,18.155.202.55,0.309,0.01100000000000001,False
cms.gov,104.86.94.100,3.03,4.04,3.163,3.06,104.86.94.100,3.06,0.0,True
cnstrc.com,18.238.192.117,0.859,1.36,0.9681,0.8915,18.238.192.106,0.865,0.026499999999999968,False
coches.net,13.35.121.9,0.958,3.41,1.4295000000000002,1.04,13.35.121.51,0.975,0.06500000000000006,False
code.org,3.168.86.27,0.8,1.59,0.9199,0.837,3.168.86.122,0.8095000000000001,0.027499999999999858,False
codedish.co,3.168.86.120,0.88,2.29,1.1445,0.9375,3.168.86.48,0.9325,0.0050000000000000044,False
coinmarketcap.com,108.139.10.38,0.893,2.36,1.0739,0.928,108.139.10.38,0.928,0.0,True
colearn.id,108.139.10.10,0.799,1.66,0.9229,0.8314999999999999,108.139.10.129,0.824,0.007499999999999951,False
company-target.com,3.168.86.107,0.846,2.72,1.1247,0.902,3.168.86.107,0.902,0.0,True
company.site,3.168.86.117,0.799,1.52,0.9485,0.8594999999999999,3.168.86.117,0.7925,0.06699999999999995,True
compass.com,18.239.199.48,0.271,0.911,0.3738,0.3175,18.239.199.108,0.316,0.0015000000000000013,False
complex.com,65.8.161.86,0.954,3.28,1.3656,1.002,65.8.161.112,0.99,0.01200000000000001,False
concursolutions.com,23.221.77.57,2.26,3.82,2.601,2.335,23.221.77.57,2.335,0.0,True
connatix.com,18.173.121.112,0.843,1.05,0.8881,0.8734999999999999,18.173.121.112,0.8734999999999999,0.0,True
consumerreports.org,18.245.96.6,66.5,66.7,66.55,66.5,99.84.238.179,0.851,65.649,False
convertio.co,108.138.246.26,0.84,2.24,1.0516,0.891,108.138.246.26,0.891,0.0,True
coppel.com,23.37.18.197,2.24,2.36,2.278,2.26,23.37.18.197,2.26,0.0,True
costco.ca,23.59.200.37,3.08,3.8,3.181,3.1100000000000003,23.59.200.37,3.1100000000000003,0.0,True
costco.com,23.37.17.233,3.02,3.13,3.0700000000000003,3.065,23.37.17.233,3.065,0.0,True
coupang.com,13.227.74.45,1.56,3.14,1.878,1.6349999999999998,13.227.74.45,1.605,0.029999999999999805,True
coursera.org,3.169.183.125,0.857,2.03,1.0188,0.9095,18.173.121.88,0.885,0.024499999999999966,False
cpsc.gov,23.202.192.145,2.27,2.35,2.311,2.31,23.202.192.145,2.295,0.015000000000000124,True
creditkarma.com,184.86.106.245,1.33,3.48,1.73,1.38,184.86.106.245,1.37,0.009999999999999787,True
credly.com,18.155.202.15,0.861,2.26,1.0446,0.892,18.155.202.15,0.892,0.0,True
cricketwireless.com,23.56.123.50,2.24,2.35,2.2950000000000004,2.295,23.56.123.50,2.295,0.0,True
csmonitor.com,65.8.161.3,0.278,1.12,0.4081,0.322,65.8.161.6,0.3195,0.0025000000000000022,False
ctvnews.ca,104.68.117.126,1.37,1.44,1.394,1.39,104.68.117.126,1.39,0.0,True
cvs.com,23.196.116.217,2.23,2.31,2.262,2.26,23.196.116.217,2.26,0.0,True
cylance.com,18.155.202.52,0.852,1.92,1.0055,0.905,18.155.202.85,0.8945000000000001,0.010499999999999954,False
dailykos.com,108.138.246.53,0.863,2.08,1.0046000000000002,0.8835,108.138.246.53,0.8835,0.0,True
dailymail.co.uk,23.44.72.231,0.786,2.78,1.1596,0.9095,104.99.48.228,0.8,0.10949999999999993,False
dalyfeds.com,23.46.216.75,3.04,4.07,3.229,3.08,23.46.216.75,3.055,0.02499999999999991,True
dan.com,23.62.46.176,0.833,1.75,0.9457,0.8545,23.216.149.155,0.846,0.008500000000000063,False
datadoghq.com,65.8.161.48,0.98,2.66,1.2540999999999998,1.0950000000000002,65.8.161.48,1.0950000000000002,0.0,True
datadome.co,18.244.214.19,0.843,1.35,0.9767,0.942,18.244.214.58,0.931,0.010999999999999899,False
datto.com,23.5.245.214,1.41,1.61,1.473,1.435,23.5.245.214,1.435,0.0,True
dazn.com,13.35.121.70,0.915,2.27,1.1233999999999995,0.98,13.35.121.70,0.98,0.0,True
deepai.org,13.227.74.35,1.69,2.79,1.986,1.745,13.227.74.59,1.58,0.16500000000000004,False
deezer.com,18.155.192.119,0.834,1.26,0.9446,0.8975,18.155.192.119,0.8975,0.0,True
defense.gov,23.198.164.164,18.6,18.9,18.630000000000003,18.6,104.100.75.72,3.065,15.535000000000002,False
delishkitchen.tv,18.173.121.97,0.297,1.5,0.4481,0.33,18.173.121.97,0.33,0.0,True
deputy.com,13.35.121.99,0.824,2.33,1.0313,0.861,13.35.121.99,0.861,0.0,True
destentor.nl,23.46.216.201,2.26,3.77,2.4479999999999995,2.29,23.216.149.136,0.804,1.486,False
deviantart.com,3.168.86.92,0.839,2.21,1.0335,0.8995,3.168.86.92,0.8995,0.0,True
dhgate.com,23.37.18.196,3.05,7.65,3.616,3.17,23.5.254.112,1.35,1.8199999999999998,False
dhl.de,23.217.135.133,138.0,138.0,138.0,138.0,23.217.135.133,138.0,0.0,True
dhs.gov,23.214.101.169,1.38,1.85,1.464,1.415,23.214.101.169,1.415,0.0,True
dialoguecorp.com,99.84.238.198,0.937,2.07,1.1843,1.02,99.84.238.218,0.948,0.07200000000000006,False
digitalgov.gov,18.239.199.69,0.295,0.354,0.3214,0.321,18.239.199.44,0.315,0.006000000000000005,False
discover.com,96.6.226.42,1.41,2.08,1.528,1.48,96.6.226.42,1.48,0.0,True
discoveryplus.com,18.155.202.122,0.855,2.51,1.043,0.8795,18.155.202.122,0.8795,0.0,True
dish.com,3.168.86.34,0.787,0.893,0.8256,0.827,3.168.86.52,0.825,0.0020000000000000018,False
dji.com,65.8.161.43,0.873,2.3,1.069,0.9175,65.8.161.43,0.9175,0.0,True
dnb.com,23.56.122.199,3.05,3.4,3.148000000000001,3.115,23.56.122.199,3.115,0.0,True
doctoralia.com.br,3.168.86.32,0.803,1.62,0.9199,0.8265,3.168.86.59,0.816,0.010500000000000065,False
dome9.com,3.169.183.108,0.853,1.9,1.0301,0.907,3.169.183.108,0.907,0.0,True
domestika.org,13.35.121.17,0.797,1.55,0.9351,0.8474999999999999,13.35.121.17,0.8474999999999999,0.0,True
dominos.com,23.45.137.149,1.3,1.76,1.362,1.315,23.45.137.149,1.315,0.0,True
dotloop.com,18.155.192.93,0.298,0.407,0.3535999999999999,0.3575,18.155.192.129,0.328,0.02949999999999997,False
dr.dk,23.62.46.171,0.83,2.6,1.1201000000000003,0.9775,23.216.149.152,0.8995,0.07800000000000007,False
draftkings.com,23.212.62.197,1.36,1.59,1.4460000000000002,1.43,23.216.149.145,0.853,0.577,False
dreamhost.com,18.238.238.61,18.0,19.1,18.12,18.0,3.163.24.79,15.5,2.5,False
drift.com,65.8.161.126,0.941,12.2,2.1126,0.991,65.8.161.126,0.959,0.03200000000000003,True
driftt.com,3.168.86.71,0.809,2.06,1.0055999999999998,0.8694999999999999,3.168.86.71,0.8145,0.05499999999999994,True
drogaraia.com.br,18.238.192.102,0.288,0.538,0.3591999999999999,0.332,18.155.202.33,0.309,0.02300000000000002,False
dropgame.jp,18.173.121.126,0.29,0.418,0.3344999999999999,0.321,18.173.121.126,0.321,0.0,True
drugs.com,23.38.236.32,3.04,3.75,3.167,3.07,23.38.236.32,3.07,0.0,True
duosecurity.com,13.35.121.120,0.809,0.896,0.8475999999999999,0.854,13.35.121.120,0.854,0.0,True
dyn.com,23.222.17.230,71.5,71.5,71.5,71.5,23.62.46.138,0.8285,70.6715,False
ea.com,23.37.16.177,2.23,5.94,2.732,2.325,23.37.16.177,2.275,0.050000000000000266,True
easports.com,23.56.118.224,3.08,4.94,3.434,3.125,23.56.118.224,3.105,0.020000000000000018,True
ebay.co.uk,23.211.139.200,0.809,1.47,0.9574,0.869,23.216.149.153,0.829,0.040000000000000036,False
ebay.com,23.62.46.182,0.819,2.18,1.0164000000000002,0.868,23.62.46.182,0.868,0.0,True
ebay.it,23.67.33.20,3.06,3.94,3.168,3.085,23.216.149.153,0.84,2.245,False
ecnavi.jp,18.244.217.12,0.862,1.39,0.9449000000000002,0.895,18.244.217.12,0.895,0.0,True
economictimes.com,69.192.139.196,2.23,3.19,2.382000000000001,2.265,69.192.139.196,2.25,0.015000000000000124,True
ecwid.com,65.8.161.31,0.32,0.934,0.3994,0.334,65.8.161.50,0.322,0.01200000000000001,False
edgenuity.com,13.35.121.128,0.799,1.59,0.9264,0.8514999999999999,13.35.121.115,0.851,0.0004999999999999449,False
edmunds.com,18.244.214.38,0.303,0.894,0.4271,0.3275,18.244.214.57,0.293,0.03450000000000003,False
edweek.org,18.239.199.98,0.302,1.95,0.5081999999999999,0.3545,18.239.199.87,0.298,0.056499999999999995,False
edx.org,65.8.161.118,0.274,1.01,0.3797,0.313,65.8.161.118,0.313,0.0,True
eepurl.com,23.47.180.146,1.42,3.6,1.6939999999999995,1.475,23.47.180.146,1.475,0.0,True
eeroup.com,3.168.86.67,0.833,1.96,1.019,0.9275,3.168.86.123,0.888,0.03949999999999998,False
elcomercio.pe,23.62.46.118,0.775,0.88,0.835,0.8334999999999999,23.62.46.118,0.8334999999999999,0.0,True
elcorreo.com,23.67.33.47,2.22,2.77,2.371,2.285,23.216.149.148,0.844,1.4410000000000003,False
eldebate.com,13.227.74.38,1.44,2.22,1.543,1.47,13.227.74.38,1.47,0.0,True
elephantbet.co.mz,65.8.161.29,0.303,0.445,0.3477,0.336,65.8.161.29,0.3215,0.014500000000000013,True
elespanol.com,3.168.86.90,0.78,1.65,0.9152,0.8494999999999999,3.168.86.90,0.825,0.024499999999999966,True
elle.fr,13.227.74.121,1.71,2.83,1.847,1.74,13.227.74.49,1.625,0.11499999999999999,False
elpais.com,23.44.229.220,2.27,3.64,2.55,2.36,23.62.46.102,0.859,1.501,False
emerald.com,108.138.246.76,0.879,90.8,10.8517,1.34,108.138.246.76,1.34,0.0,True
emirates.com,104.99.48.104,0.841,3.22,1.1035,0.8605,104.99.48.104,0.8605,0.0,True
emltrk.com,18.155.202.62,0.293,1.42,0.4963999999999999,0.35,18.155.202.84,0.3125,0.03749999999999998,False
empiresandpuzzles.com,13.227.74.50,1.11,2.91,1.39,1.1349999999999998,13.227.74.50,1.1349999999999998,0.0,True
emxdgt.com,18.155.202.82,0.887,1.78,1.0546,0.9075,18.155.202.8,0.876,0.03149999999999997,False
enjoei.com.br,3.168.86.6,0.776,1.7,0.9168,0.819,3.168.86.6,0.819,0.0,True
ensighten.com,18.155.192.116,0.289,0.412,0.3252,0.3195,18.155.192.88,0.2885,0.031000000000000028,False
eonline.com,23.211.139.199,0.78,1.37,0.8977999999999999,0.8325,23.211.139.199,0.8325,0.0,True
espn.com,108.138.246.18,0.841,1.47,0.9732,0.9025,108.138.246.18,0.9025,0.0,True
espn.com.mx,108.138.246.115,0.742,1.78,0.9012,0.815,108.138.246.115,0.815,0.0,True
espn.com.ve,108.138.246.102,0.81,0.852,0.8280999999999998,0.827,108.138.246.102,0.827,0.0,True
esportesdasorte.com,3.163.125.9,11.0,11.5,11.15,11.1,18.244.214.63,0.3085,10.7915,False
estadao.com.br,23.46.216.207,3.05,3.92,3.175,3.075,23.216.149.139,0.802,2.273,False
eventbrite.co.uk,18.155.192.107,0.28,4.66,1.0125,0.386,18.155.192.107,0.3185,0.0675,True
eventbrite.com,18.155.192.65,0.842,1.31,0.9761,0.8985000000000001,18.155.192.68,0.879,0.019500000000000073,False
eventim.de,23.59.198.145,2.31,4.22,2.553,2.34,23.59.198.145,2.34,0.0,True
evergage.com,13.35.121.50,0.936,2.11,1.1958000000000002,0.9925,13.35.121.19,0.98,0.012500000000000067,False
excellenth5game.com,13.227.74.117,1.46,2.67,1.598,1.475,13.227.74.81,1.11,0.365,False
expedia.com,23.214.103.30,1.44,2.0,1.5359999999999998,1.455,23.214.103.30,1.455,0.0,True
express.co.uk,18.239.199.45,0.853,1.56,0.9626,0.889,18.239.199.45,0.8825000000000001,0.00649999999999995,True
expressvpn.com,108.139.10.101,0.779,1.48,0.8866999999999999,0.8125,108.139.10.101,0.8125,0.0,True
f-secure.com,23.196.116.224,3.03,3.62,3.1539999999999995,3.11,23.196.116.224,3.11,0.0,True
facebook-hardware.com,157.240.22.19,1.52,2.44,1.659,1.565,157.240.22.19,1.565,0.0,True
facebook.com,157.240.22.35,1.43,2.3,1.593,1.5,157.240.22.35,1.475,0.02499999999999991,True
fanatics.com,23.221.76.134,3.08,3.6,3.178,3.13,104.99.48.135,0.83,2.3,False
fandango.com,23.55.217.221,1.36,4.59,1.747,1.435,23.55.217.221,1.39,0.04500000000000015,True
fanduel.com,3.169.183.67,0.308,0.963,0.4549,0.4275,18.155.202.129,0.3835,0.043999999999999984,False
fantacalcio.it,13.35.121.109,0.819,1.64,0.9471,0.8785000000000001,13.35.121.123,0.843,0.03550000000000009,False
farfetch.com,2.23.143.188,66.4,67.3,66.58000000000001,66.5,2.23.143.188,66.5,0.0,True
fast.com,104.100.52.179,2.28,2.43,2.3270000000000004,2.32,104.100.52.179,2.32,0.0,True
fb.com,157.240.22.35,1.43,8.53,2.372,1.5550000000000002,157.240.22.35,1.495,0.06000000000000005,True
fb.me,157.240.22.35,1.47,6.52,2.552,1.59,157.240.22.35,1.505,0.08500000000000019,True
fb.watch,157.240.22.19,1.5,2.65,1.6860000000000004,1.56,157.240.22.19,1.55,0.010000000000000009,True
fbcdn.net,157.240.22.35,1.4,1.59,1.471,1.465,157.240.22.35,1.465,0.0,True
fbsbx.com,157.240.22.35,1.45,7.66,2.4530000000000003,1.515,157.240.22.35,1.5,0.014999999999999902,True
fcc.gov,23.196.113.173,2.18,3.02,2.307,2.23,23.196.113.173,2.23,0.0,True
fda.gov,104.100.65.244,3.1,4.34,3.254,3.125,104.100.65.244,3.125,0.0,True
fdic.gov,23.211.177.192,110.0,111.0,110.1,110.0,23.41.4.82,18.55,91.45,False
fema.gov,96.6.233.155,1.28,2.03,1.38,1.31,96.6.233.155,1.31,0.0,True
feverup.com,18.239.199.34,0.293,5.24,0.9283,0.377,18.239.199.34,0.377,0.0,True
fidelity.com,99.83.221.176,0.239,0.452,0.3944,0.418,99.83.221.176,0.418,0.0,True
figma.com,13.227.74.59,1.71,3.35,1.9490000000000005,1.765,13.227.74.52,1.715,0.04999999999999982,False
filedownload-csw-lenovo.com,99.84.238.140,0.829,1.86,0.9705,0.8775,99.84.238.154,0.877,0.0004999999999999449,False
fin.ag,185.199.110.153,0.971,2.16,1.2231,1.135,185.199.111.153,1.09,0.04499999999999993,False
financialexpress.com,23.44.73.78,0.771,1.52,0.967,0.8534999999999999,23.44.73.78,0.8534999999999999,0.0,True
firstpost.com,23.37.18.29,3.07,4.1,3.205,3.095,23.37.18.29,3.095,0.0,True
fisglobal.com,104.86.90.191,2.24,2.89,2.354,2.27,104.86.90.191,2.24,0.029999999999999805,True
flic.kr,99.84.231.85,0.815,1.43,0.8971,0.839,99.84.231.85,0.839,0.0,True
flickr.com,99.84.231.85,0.924,2.65,1.1434,0.957,99.84.231.85,0.957,0.0,True
flipboard.com,3.169.183.97,0.289,1.12,0.3962,0.3085,3.169.183.97,0.3085,0.0,True
flipsnack.com,18.239.199.20,0.27,0.662,0.3452,0.316,18.239.199.21,0.2865,0.029500000000000026,False
flourish.studio,13.35.121.31,0.83,1.73,0.9415,0.8554999999999999,13.35.121.31,0.8554999999999999,0.0,True
fnac.com,23.67.33.43,3.05,4.18,3.232,3.125,23.216.149.141,0.8674999999999999,2.2575000000000003,False
fnn.jp,18.155.202.75,0.264,1.2,0.3929000000000001,0.2925,18.155.202.75,0.2925,0.0,True
focus.de,23.46.216.206,2.23,3.12,2.348,2.25,23.46.216.206,2.245,0.004999999999999893,True
foodnetwork.com,18.155.192.119,0.289,1.48,0.4466,0.324,18.155.192.119,0.324,0.0,True
forbesjapan.com,99.84.238.154,0.823,1.89,1.0039,0.8605,99.84.238.132,0.857,0.0035000000000000586,False
force.com,23.1.106.133,2.89,4.41,3.38,3.105,184.31.10.133,2.915,0.18999999999999995,False
formstack.com,18.173.121.87,0.879,5.34,1.4129,0.959,18.173.121.86,0.9395,0.019499999999999962,False
fortune.com,65.8.161.119,0.96,3.64,1.3455,1.03,65.8.161.119,1.02,0.010000000000000009,True
fotmob.com,18.173.121.57,0.281,0.855,0.3782999999999999,0.3125,18.173.121.57,0.3125,0.0,True
fotocasa.es,18.239.199.10,0.851,0.959,0.9007000000000002,0.8995,18.239.199.3,0.8825000000000001,0.016999999999999904,False
fotocdn.net,185.5.72.151,167.0,168.0,167.2,167.0,185.5.72.151,167.0,0.0,True
fotor.com,3.169.183.71,0.867,3.33,1.1733,0.906,3.169.183.71,0.906,0.0,True
fox.com,23.37.16.218,2.23,2.34,2.266,2.255,23.37.16.218,2.255,0.0,True
foxbusiness.com,23.203.232.26,1.3,2.29,1.419,1.32,23.203.232.26,1.32,0.0,True
foxnews.com,23.37.17.109,3.06,3.44,3.1160000000000005,3.08,23.37.17.109,3.08,0.0,True
foxsports.com,184.28.121.20,1.27,2.18,1.4090000000000005,1.31,184.28.121.20,1.31,0.0,True
fpjs.io,18.238.192.90,0.276,0.335,0.3087,0.31,18.238.192.18,0.299,0.01100000000000001,False
france.tv,23.62.46.171,0.804,1.53,0.9483,0.846,23.62.46.171,0.846,0.0,True
france24.com,104.86.90.170,2.21,3.0,2.342,2.265,104.86.90.170,2.265,0.0,True
freee.co.jp,99.84.238.134,0.821,1.53,0.9187,0.8545,99.84.238.134,0.8545,0.0,True
freshchat.com,3.169.183.81,0.266,2.26,0.575,0.3295,18.155.192.65,0.2895,0.040000000000000036,False
freshdesk.com,13.227.74.80,1.07,1.89,1.269,1.17,13.227.74.103,1.1150000000000002,0.054999999999999716,False
freshservice.com,65.8.161.12,0.877,2.28,1.106,0.961,65.8.161.12,0.961,0.0,True
freshworks.com,65.8.161.99,0.939,2.11,1.1105999999999998,0.97,65.8.161.99,0.97,0.0,True
frontapp.com,18.244.214.54,0.845,1.08,0.9525,0.945,18.244.214.10,0.8845000000000001,0.06049999999999989,False
ftc.gov,23.51.128.62,108.0,108.0,108.0,108.0,23.196.125.227,3.11,104.89,False
full-count.jp,18.238.192.59,0.27,1.04,0.3766,0.3085,18.238.192.59,0.3085,0.0,True
fws.gov,104.77.183.16,1.41,2.86,1.6330000000000002,1.475,23.216.149.145,0.862,0.6130000000000001,False
g123.jp,3.168.86.24,0.85,1.99,0.9815,0.8745,3.168.86.24,0.8745,0.0,True
gaana.com,104.100.61.11,2.26,3.31,2.403,2.28,104.100.61.11,2.28,0.0,True
gadgets360.com,104.89.224.2,1.78,2.32,1.906,1.85,104.89.224.2,1.84,0.010000000000000009,True
gallup.com,108.138.246.81,0.768,1.66,0.9896999999999998,0.8845000000000001,108.138.246.32,0.827,0.05750000000000011,False
gamestop.com,65.8.161.88,0.308,0.893,0.4274,0.3485,65.8.161.88,0.313,0.035499999999999976,True
gamewith.jp,108.138.246.94,0.868,2.46,1.1088999999999998,0.9295,108.138.246.36,0.899,0.03049999999999997,False
gap.com,104.99.49.254,0.785,1.54,0.8982000000000001,0.8085,104.99.49.254,0.8085,0.0,True
gelderlander.nl,104.123.70.99,1.33,2.39,1.4840000000000002,1.39,23.216.149.152,0.823,0.567,False
geogebra.org,3.169.183.25,0.273,1.14,0.3959,0.3205,3.169.183.25,0.3205,0.0,True
getpocket.com,13.227.74.110,1.51,2.65,1.677,1.57,13.227.74.110,1.57,0.0,True
gettyimages.com,18.173.121.52,0.268,0.965,0.4138,0.361,18.173.121.83,0.356,0.0050000000000000044,False
ghostery.net,18.155.192.22,0.847,1.27,0.9411,0.907,18.155.192.67,0.8895,0.01750000000000007,False
github.io,185.199.109.153,0.93,234.0,24.5088,1.065,185.199.110.153,0.9805,0.08449999999999991,False
gobankingrates.com,18.238.192.77,0.278,0.815,0.4004,0.3315,18.238.192.46,0.307,0.024500000000000022,False
gofundme.com,18.239.199.90,0.864,1.3,0.9594,0.9065,18.239.199.90,0.9065,0.0,True
gopro.com,108.138.246.5,0.852,2.16,1.048,0.8995,108.138.246.5,0.8995,0.0,True
gotostage.com,13.35.121.69,0.848,1.74,0.9909,0.8965000000000001,13.35.121.21,0.8654999999999999,0.03100000000000014,False
grab.com,18.155.192.26,0.863,0.976,0.9098,0.904,18.155.192.26,0.904,0.0,True
grail.bz,99.84.238.197,0.822,1.38,0.9227,0.873,99.84.238.197,0.852,0.02100000000000002,True
grainger.com,23.59.193.250,2.25,2.88,2.342,2.275,23.59.193.250,2.275,0.0,True
grammarly.com,108.139.10.9,0.861,1.11,0.9190000000000002,0.8945000000000001,108.139.10.129,0.8885000000000001,0.006000000000000005,False
granbluefantasy.jp,3.166.216.11,106.0,109.0,106.7,106.0,18.65.229.59,17.4,88.6,False
groupme.com,108.138.246.127,0.834,1.46,0.9848,0.9485,108.138.246.127,0.917,0.03149999999999997,True
groupon.com,96.6.225.190,1.36,2.46,1.505,1.4049999999999998,96.6.225.190,1.395,0.009999999999999787,True
growthbook.io,13.227.74.65,1.11,1.84,1.1949999999999998,1.12,13.227.74.65,1.12,0.0,True
gucci.com,69.192.139.99,3.08,8.02,3.657,3.15,69.192.139.91,2.325,0.8249999999999997,False
guinnessworldrecords.com,18.238.192.96,0.877,2.57,1.1934,0.909,18.238.192.96,0.909,0.0,True
gumgum.com,65.8.161.43,0.921,2.44,1.1626,1.045,65.8.161.54,1.005,0.040000000000000036,False
halodoc.com,13.227.74.119,1.49,2.56,1.673,1.565,13.227.74.119,1.5550000000000002,0.009999999999999787,True
haremaltin.com,18.155.192.51,0.281,0.343,0.3148,0.3165,18.155.192.51,0.303,0.013500000000000012,True
hbr.org,18.244.214.45,0.842,5.21,1.4827,0.899,18.244.214.45,0.899,0.0,True
headspace.com,13.227.74.101,1.54,2.43,1.7259999999999998,1.5950000000000002,13.227.74.101,1.59,0.0050000000000001155,True
healthcare.gov,23.59.197.104,2.26,8.22,2.934,2.29,23.59.197.104,2.285,0.004999999999999893,True
healthgrades.com,13.35.121.31,0.847,2.11,0.9865,0.859,13.35.121.31,0.847,0.01200000000000001,True
healthline.com,3.169.183.122,0.852,13.8,2.1749,0.8805000000000001,3.169.183.122,0.8805000000000001,0.0,True
helpme.net,108.139.10.35,0.781,2.09,0.9529,0.8254999999999999,108.139.10.35,0.8254999999999999,0.0,True
helpscout.net,18.173.121.115,0.275,0.765,0.3591999999999999,0.3065,18.173.121.87,0.3055,0.0010000000000000009,False
heraldo.es,108.138.246.25,0.872,1.48,1.0215999999999998,0.9605,108.138.246.44,0.9095,0.051000000000000045,False
heroku.com,3.168.86.81,0.84,2.41,1.0749,0.915,3.168.86.81,0.915,0.0,True
hgtv.com,18.155.202.28,0.282,0.563,0.3735,0.354,18.155.202.28,0.3085,0.045499999999999985,True
hindustantimes.com,23.37.16.252,3.16,3.49,3.2470000000000008,3.2350000000000003,23.37.16.252,3.2350000000000003,0.0,True
hitta.se,18.155.202.107,0.311,13.0,1.6203,0.3505,18.155.202.97,0.29,0.0605,False
hk01.com,13.35.121.95,0.885,2.15,1.1098,0.9735,13.35.121.95,0.9735,0.0,True
hln.be,23.212.62.206,1.34,2.76,1.6509999999999998,1.38,23.216.149.138,0.8605,0.5194999999999999,False
hm.com,23.37.16.60,2.32,3.0,2.475,2.43,23.37.16.60,2.41,0.020000000000000018,True
hochi.news,108.139.10.125,0.854,7.83,2.0544,0.967,108.139.10.44,0.9075,0.0595,False
homegate.ch,108.139.10.7,0.867,2.83,1.1376,0.908,108.139.10.7,0.902,0.006000000000000005,True
homes.com,23.62.46.177,0.781,2.04,1.0036,0.8465,23.62.46.177,0.8465,0.0,True
hootsuite.com,3.169.183.121,0.277,0.871,0.3686,0.3035,3.169.183.121,0.3035,0.0,True
hotels.com,104.99.49.165,0.781,1.19,0.8545999999999999,0.8045,104.99.49.165,0.8045,0.0,True
hotjar.com,65.8.161.103,0.93,5.21,1.509,0.9655,65.8.161.103,0.9655,0.0,True
hotmart.com,3.169.183.76,0.859,1.04,0.9155,0.9105,18.238.192.20,0.898,0.012499999999999956,False
hotstar.com,18.238.192.82,0.289,0.963,0.3823999999999999,0.3045,18.238.192.82,0.3045,0.0,True
hotwire.com,23.38.238.65,3.02,3.26,3.106,3.095,23.38.238.65,2.295,0.8000000000000003,True
housing.com,18.155.192.63,0.294,0.372,0.3349,0.3345,18.155.192.12,0.3065,0.028000000000000025,False
howstuffworks.com,18.238.192.38,0.261,0.939,0.3971,0.311,18.238.192.38,0.311,0.0,True
hoyolab.com,18.239.199.37,0.272,0.327,0.2973,0.297,18.239.199.37,0.297,0.0,True
hs.fi,13.35.121.110,0.894,2.04,1.1801,0.9675,13.35.121.110,0.9585,0.009000000000000008,True
httpwg.org,185.199.110.153,0.946,1.75,1.1,0.968,185.199.110.153,0.968,0.0,True
huggingface.co,108.138.246.71,0.783,1.45,0.877,0.821,108.138.246.71,0.821,0.0,True
hulu.com,23.211.177.184,110.0,112.0,110.4,110.0,23.67.33.27,2.34,107.66,False
hyatt.com,69.192.139.110,2.22,2.92,2.337,2.26,23.62.46.150,0.81,1.4499999999999997,False
hyprmx.com,3.169.183.96,0.271,1.31,0.4126999999999999,0.3175,3.169.183.96,0.3175,0.0,True
ibm.com,104.86.93.68,3.09,3.34,3.172,3.15,104.86.93.68,3.14,0.009999999999999787,True
idc.com,18.244.214.101,0.842,2.14,1.0424000000000002,0.8845000000000001,18.244.214.68,0.8815,0.0030000000000001137,False
idntimes.com,18.155.192.57,0.859,1.05,0.9103,0.894,18.155.192.57,0.888,0.006000000000000005,True
iflscience.com,13.227.74.46,1.44,2.36,1.568,1.48,13.227.74.128,1.475,0.004999999999999893,False
ifood.com.br,65.8.161.117,0.306,1.11,0.416,0.3325,65.8.161.117,0.3325,0.0,True
ifttt.com,99.84.238.207,0.824,1.78,0.9563,0.877,99.84.238.110,0.8634999999999999,0.013500000000000068,False
ihg.com,23.62.46.9,0.759,1.17,0.8437000000000001,0.8085,23.62.46.9,0.8085,0.0,True
ikea.com,23.5.250.241,1.47,1.67,1.5470000000000002,1.525,23.5.250.241,1.525,0.0,True
iltalehti.fi,108.139.10.104,0.845,17.0,2.6418,0.9155,108.139.10.48,0.911,0.0044999999999999485,False
imf.org,23.62.46.168,0.78,1.62,0.9233,0.847,23.216.149.139,0.818,0.029000000000000026,False
immersivelabs.online,13.227.74.129,1.06,1.95,1.167,1.08,13.227.74.129,1.08,0.0,True
immobilienscout24.de,18.238.192.74,0.862,8.26,1.8104,0.8905000000000001,18.238.192.74,0.8705,0.020000000000000018,True
impression.link,18.244.214.100,0.282,0.979,0.3933,0.3275,18.173.121.69,0.3065,0.02100000000000002,False
imtwjwoasak.com,18.173.121.46,0.854,0.962,0.8957,0.8815,18.173.121.46,0.8815,0.0,True
india.com,23.46.216.197,3.01,3.22,3.101,3.1,23.216.149.135,0.89,2.21,False
indianexpress.com,23.37.17.73,3.03,3.09,3.054,3.05,23.37.17.73,3.05,0.0,True
indiatimes.com,104.100.72.66,2.23,3.3,2.407,2.32,104.100.72.66,2.32,0.0,True
indiatoday.in,23.67.33.152,3.02,3.7,3.119,3.06,23.62.46.117,0.8175,2.2425,False
inews.co.uk,69.192.139.219,3.07,4.56,3.2629999999999995,3.125,23.216.149.204,0.826,2.299,False
infobae.com,104.102.249.26,51.4,52.1,51.59000000000001,51.5,23.47.51.117,42.4,9.100000000000001,False
infojobs.net,18.238.192.31,0.268,0.394,0.3103999999999999,0.302,18.238.192.31,0.294,0.008000000000000007,True
infura.io,18.155.202.23,0.845,1.55,0.987,0.926,18.155.202.69,0.887,0.039000000000000035,False
instacart.com,65.8.161.114,0.301,1.11,0.4406,0.351,65.8.161.61,0.337,0.013999999999999957,False
instagram.com,157.240.22.174,1.43,2.64,1.611,1.48,157.240.22.174,1.48,0.0,True
intercom.com,13.35.121.124,0.905,2.14,1.207,0.9925,99.84.238.132,0.966,0.02650000000000008,False
intercom.io,13.35.121.104,0.908,3.53,1.2104,0.942,13.35.121.104,0.942,0.0,True
intercomcdn.com,65.8.161.88,0.302,1.39,0.4378999999999999,0.3389999999999999,65.8.161.88,0.329,0.009999999999999898,True
intuit.com,23.56.124.205,2.24,2.89,2.372,2.3,23.56.124.205,2.3,0.0,True
inverse.com,13.35.121.128,0.975,2.75,1.2603,1.0550000000000002,13.35.121.128,0.9755,0.07950000000000013,True
iowa.gov,23.46.216.198,3.03,3.98,3.246,3.125,23.216.149.154,0.806,2.319,False
is.fi,13.227.74.24,1.53,4.57,1.926,1.58,13.227.74.67,1.57,0.010000000000000009,False
israelhayom.co.il,23.218.218.20,66.1,66.7,66.19000000000001,66.1,23.218.218.68,65.6,0.5,False
istockphoto.com,108.139.10.71,0.775,1.4,0.8615999999999999,0.796,108.139.10.71,0.796,0.0,True
itatiaia.com.br,3.169.183.98,0.274,1.3,0.4162,0.319,3.169.183.98,0.319,0.0,True
itau.com.br,23.67.33.46,2.19,2.44,2.277,2.26,23.216.149.150,0.8494999999999999,1.4104999999999999,False
iterable.com,3.169.183.74,0.304,0.996,0.4225,0.348,3.169.183.74,0.348,0.0,True
jansatta.com,104.99.49.74,0.789,0.85,0.8107,0.8065,104.99.49.74,0.799,0.007499999999999951,True
java.com,23.211.139.197,0.777,1.61,0.8996999999999999,0.8135,23.62.46.134,0.7915000000000001,0.02199999999999991,False
jcpenney.com,23.203.228.204,1.4,4.31,1.7599999999999998,1.4249999999999998,23.203.228.204,1.415,0.009999999999999787,True
jetbrains.com,108.138.246.121,0.852,3.98,1.2644,0.9315,108.138.246.70,0.907,0.024499999999999966,False
jiocinema.com,23.211.139.196,0.799,1.79,0.9533,0.8505,23.211.139.196,0.8505,0.0,True
joann.com,23.211.177.153,110.0,111.0,110.1,110.0,23.46.228.166,18.2,91.8,False
johnlewis.com,23.216.149.72,0.811,1.4,1.0024,0.866,23.62.46.13,0.8585,0.007499999999999951,False
jorudan.co.jp,65.8.161.97,0.336,2.33,0.566,0.376,65.8.161.47,0.3365,0.03949999999999998,False
journaldemontreal.com,18.155.192.22,0.863,7.2,1.6136999999999997,0.968,18.155.192.80,0.9355,0.03249999999999997,False
jra.jp,23.46.216.204,2.27,2.33,2.3050000000000006,2.305,23.216.149.148,0.8494999999999999,1.4555000000000002,False
justdial.com,23.196.117.150,2.26,2.32,2.2909999999999995,2.29,23.196.117.150,2.29,0.0,True
justgiving.com,18.239.199.82,0.251,0.368,0.3077999999999999,0.3045,18.239.199.82,0.3045,0.0,True
jw.org,23.56.123.83,2.3,3.36,2.47,2.325,23.56.123.83,2.325,0.0,True
jwpltx.com,13.227.74.41,1.69,7.72,2.345,1.74,13.227.74.29,1.665,0.07499999999999996,False
jwpsrv.com,18.244.215.150,0.247,0.377,0.3159,0.322,18.244.215.150,0.3215,0.0005000000000000004,True
kabum.com.br,108.138.246.126,0.803,2.28,1.0473,0.9015,108.138.246.126,0.9015,0.0,True
kahoot.com,65.8.161.97,1.02,2.05,1.1929999999999998,1.105,65.8.161.97,1.09,0.014999999999999902,True
kahoot.it,3.168.86.109,0.858,1.92,1.0340000000000005,0.9085,3.168.86.109,0.8925000000000001,0.015999999999999903,True
kakuyomu.jp,18.155.192.40,0.853,1.41,0.9563,0.9025,18.155.192.3,0.9005000000000001,0.0019999999999998908,False
kamigame.jp,108.138.246.94,0.779,1.87,0.9192,0.8265,108.138.246.94,0.8265,0.0,True
karte.io,18.239.199.21,0.276,0.678,0.3400999999999999,0.3025,18.239.199.21,0.3025,0.0,True
kb4compliance.com,13.227.74.45,1.44,1.83,1.532,1.49,13.227.74.11,1.1349999999999998,0.3550000000000002,False
kbb.com,23.47.181.117,1.39,1.59,1.443,1.42,23.47.181.117,1.42,0.0,True
keirin.jp,18.173.121.18,0.277,0.726,0.3411,0.2995,18.173.121.18,0.2995,0.0,True
khanacademy.org,108.138.246.87,0.762,1.68,0.883,0.7955000000000001,18.173.121.3,0.293,0.5025000000000002,False
klaviyo.com,18.155.192.45,0.862,1.08,0.9137,0.898,18.155.192.45,0.898,0.0,True
knowbe4.com,18.244.214.73,0.285,1.02,0.3751,0.3065,18.244.214.53,0.297,0.009500000000000008,False
kohls.com,23.62.46.5,0.801,2.01,0.989,0.8445,23.62.46.5,0.8445,0.0,True
kompas.com,13.227.74.118,1.53,2.85,1.764,1.5950000000000002,13.227.74.94,1.585,0.010000000000000231,False
kpmg.com,23.62.46.165,0.801,1.94,0.9629,0.836,23.62.46.165,0.836,0.0,True
krone.at,13.35.121.108,0.931,2.46,1.1445999999999998,0.9675,13.35.121.108,0.9675,0.0,True
kucoin.com,18.244.214.21,0.845,2.34,1.0528,0.9195,18.244.214.98,0.88,0.03949999999999998,False
l-tike.com,104.100.61.67,2.29,3.4,2.4799999999999995,2.31,104.100.61.67,2.3,0.010000000000000231,True
lacentrale.fr,18.155.192.97,0.289,0.441,0.3433,0.3275,18.155.192.42,0.298,0.029500000000000026,False
larepublica.pe,13.227.74.121,1.67,1.94,1.7420000000000002,1.715,13.227.74.121,1.715,0.0,True
lastampa.it,99.84.238.132,0.825,1.71,0.9369,0.8354999999999999,99.84.238.132,0.8354999999999999,0.0,True
lastpass.com,104.100.62.22,2.27,3.67,2.535,2.305,104.100.62.22,2.23,0.07500000000000018,True
lavoixdunord.fr,69.192.139.215,2.28,3.67,2.463,2.315,23.62.46.15,0.8095,1.5055,False
leadsquared.com,18.238.192.128,0.277,0.747,0.3776,0.323,18.155.202.56,0.321,0.0020000000000000018,False
leboncoin.fr,65.8.161.3,0.99,2.16,1.2253999999999998,1.02,65.8.161.3,1.02,0.0,True
lefigaro.fr,23.46.216.199,3.08,4.08,3.243,3.135,23.216.149.149,0.8614999999999999,2.2735,False
lego.com,23.212.62.213,1.31,1.85,1.4220000000000002,1.3650000000000002,23.216.149.154,0.8614999999999999,0.5035000000000003,False
lenovo.com,23.203.212.106,1.37,2.73,1.6,1.475,23.203.212.106,1.475,0.0,True
lenovo.com.cn,23.203.212.106,1.46,1.51,1.485,1.48,23.203.212.106,1.48,0.0,True
lettuceclub.net,99.84.238.168,0.823,1.8,0.9874000000000004,0.9005000000000001,99.84.238.168,0.9005000000000001,0.0,True
liberation.fr,99.86.91.96,135.0,135.0,135.0,135.0,99.86.91.5,134.0,1.0,False
lidl.com,23.59.199.80,2.24,2.43,2.3210000000000006,2.29,23.59.199.80,2.29,0.0,True
lidl.fr,23.59.199.80,2.26,2.81,2.374,2.325,23.59.199.80,2.275,0.050000000000000266,True
lijit.com,18.155.192.100,0.843,0.939,0.8903000000000001,0.8825000000000001,18.155.192.94,0.867,0.01550000000000007,False
linode.com,23.212.62.213,1.34,3.24,1.704,1.51,23.216.149.148,0.8525,0.6575,False
livehindustan.com,23.67.33.40,2.26,3.08,2.44,2.335,23.216.149.139,0.8875,1.4475,False
livemint.com,23.37.16.252,63.2,106.0,82.86,88.0,23.35.188.253,58.2,29.799999999999997,False
lngtd.com,18.173.121.104,0.275,1.23,0.4091999999999999,0.314,18.173.121.104,0.302,0.01200000000000001,True
login.gov,13.227.74.127,1.52,3.4,1.755,1.56,13.227.74.127,1.56,0.0,True
loksatta.com,23.37.17.73,3.08,5.91,3.5090000000000003,3.155,104.99.49.74,0.7885,2.3665,False
lonelyplanet.com,18.239.199.19,0.23,1.89,0.4992,0.279,18.239.199.19,0.2695,0.009500000000000008,True
lookout.com,18.239.199.74,0.268,0.758,0.3764999999999999,0.3335,18.239.199.14,0.312,0.02150000000000002,False
loom.com,108.138.246.120,0.779,0.936,0.8099000000000001,0.799,108.138.246.26,0.7905,0.008500000000000063,False
louisvuitton.com,104.99.49.56,0.755,1.81,0.9260000000000002,0.8255,104.99.49.56,0.8255,0.0,True
lowes.com,23.62.46.179,0.832,1.03,0.8862,0.855,23.62.46.179,0.855,0.0,True
lpga.or.jp,18.155.202.113,0.311,1.69,0.4969,0.3585,18.155.202.37,0.321,0.03749999999999998,False
lucid.app,23.211.139.197,0.8,1.02,0.8543000000000001,0.8180000000000001,23.211.139.197,0.8180000000000001,0.0,True
lululemon.com,23.67.33.37,2.22,2.75,2.317,2.265,23.216.149.135,0.811,1.4540000000000002,False
lxtgame.com,18.173.121.124,0.833,1.44,0.9557,0.8875,18.173.121.124,0.8875,0.0,True
lyft.com,3.168.86.50,0.851,2.09,1.0312999999999997,0.8985000000000001,3.168.86.50,0.8985000000000001,0.0,True
m.me,157.240.22.19,1.47,2.57,1.686,1.58,157.240.22.19,1.55,0.030000000000000027,True
macaro-ni.jp,23.46.216.204,3.03,3.43,3.117,3.09,23.216.149.154,0.851,2.239,False
macys.com,23.222.204.240,8.85,12.6,9.279,8.895,23.222.204.240,8.895,0.0,True
maersk.com,23.211.139.200,0.815,0.884,0.8366999999999999,0.8314999999999999,23.211.139.200,0.8314999999999999,0.0,True
magazineluiza.com.br,108.138.246.28,0.862,2.14,1.0642,0.9385,108.138.246.28,0.901,0.03749999999999998,True
magazinevoce.com.br,3.168.86.56,0.804,1.33,0.8865000000000001,0.8334999999999999,3.168.86.66,0.833,0.0004999999999999449,False
magicbricks.com,23.62.46.8,0.803,1.96,0.9442999999999998,0.826,23.216.149.206,0.819,0.007000000000000006,False
mailchi.mp,23.38.224.164,3.06,4.04,3.244,3.11,23.38.224.164,3.11,0.0,True
mailchimp.com,104.86.94.114,0.977,2.11,1.1236,1.005,104.86.94.114,1.005,0.0,True
mainichi.jp,13.35.121.5,0.821,1.71,0.9499999999999998,0.8474999999999999,18.173.121.52,0.2835,0.564,False
mamastar.jp,18.155.202.83,0.901,6.27,1.6873999999999998,0.947,18.155.202.31,0.9185,0.02849999999999997,False
mamikos.com,18.155.192.27,0.273,0.845,0.3539,0.3,18.155.192.27,0.3,0.0,True
mandmdirect.com,23.56.188.251,1.38,1.94,1.465,1.42,23.56.188.251,1.42,0.0,True
manoramaonline.com,23.37.16.44,3.06,3.22,3.136,3.14,23.37.16.44,3.14,0.0,True
manyvids.com,3.168.86.50,0.816,2.05,0.9739,0.848,3.168.86.9,0.8354999999999999,0.012500000000000067,False
mapquest.com,18.238.192.4,0.267,0.366,0.2981,0.2885,18.238.192.4,0.2885,0.0,True
marketwatch.com,18.173.121.11,0.849,1.17,0.9578,0.9125,18.173.121.11,0.9115,0.0010000000000000009,True
marksandspencer.com,23.221.76.81,3.07,4.39,3.255,3.135,23.221.76.81,3.135,0.0,True
marktplaats.nl,3.169.183.18,0.849,1.58,1.0016,0.8965000000000001,18.155.192.4,0.892,0.0045000000000000595,False
marriott.com,23.196.36.115,1.42,4.93,1.845,1.48,104.99.48.116,0.8565,0.6234999999999999,False
marvel.com,108.138.246.36,0.861,1.94,0.9986,0.895,18.173.121.49,0.8725,0.022499999999999964,False
matomo.org,18.173.121.11,0.271,0.65,0.3681999999999999,0.3215,18.173.121.11,0.28,0.04149999999999998,True
maurices.com,23.67.33.41,3.03,3.62,3.122,3.0700000000000003,23.216.149.141,0.7955000000000001,2.2745,False
max.com,108.138.246.102,0.768,1.1,0.8595,0.8145,108.138.246.102,0.8145,0.0,True
maybank2u.com.my,104.123.70.65,1.37,2.43,1.512,1.39,104.123.70.65,1.39,0.0,True
maze.co,18.244.214.123,0.266,0.364,0.3158,0.317,18.244.214.123,0.2975,0.019500000000000017,True
medallia.com,13.35.121.53,0.941,2.27,1.2779,1.007,13.35.121.74,0.978,0.028999999999999915,False
mediaset.it,3.163.158.65,17.8,20.1,18.2,17.8,204.246.191.49,15.4,2.4000000000000004,False
medicalnewstoday.com,3.168.86.107,0.832,4.07,1.2044,0.894,3.168.86.50,0.8915,0.0025000000000000577,False
medicare.gov,104.86.94.204,3.08,4.56,3.268,3.13,104.86.94.204,3.13,0.0,True
medlineplus.gov,65.8.161.38,0.288,0.929,0.3787,0.318,65.8.161.128,0.3105,0.007500000000000007,False
megaphone.fm,108.139.10.15,0.863,14.5,2.2926,0.9305,108.139.10.111,0.892,0.03849999999999998,False
mendeley.com,99.84.238.147,0.827,1.39,0.9083,0.859,99.84.238.212,0.8545,0.0044999999999999485,False
menlosecurity.com,13.227.74.104,1.07,1.68,1.157,1.1,99.84.238.204,0.8254999999999999,0.2745000000000002,False
meraki.com,108.138.246.71,0.817,0.972,0.8888,0.8815,108.138.246.71,0.8815,0.0,True
mercadolibre.cl,18.155.202.79,0.856,2.32,1.043,0.913,18.155.202.110,0.8945000000000001,0.01849999999999996,False
mercadolibre.com.co,18.244.214.30,0.857,1.0,0.9018,0.893,18.244.214.71,0.859,0.03400000000000003,False
mercadolibre.com.mx,65.8.161.44,0.977,6.76,1.5875,1.02,65.8.161.127,1.0085,0.011500000000000066,False
mercadolivre.com,3.168.86.110,0.798,1.86,0.9446,0.854,3.168.86.122,0.835,0.019000000000000017,False
mercadopago.com,13.227.74.60,1.55,3.05,1.764,1.585,13.227.74.60,1.585,0.0,True
mercadopago.com.br,18.239.199.38,0.827,1.41,0.9751999999999998,0.9075,18.239.199.38,0.8795,0.028000000000000025,True
mercari.com,13.227.74.39,1.7,2.7,1.845,1.725,13.227.74.47,1.57,0.15500000000000003,False
merriam-webster.com,13.227.74.41,1.7,2.79,1.849,1.73,13.227.74.122,1.605,0.125,False
messenger.com,157.240.22.19,1.34,2.59,1.531,1.43,157.240.22.19,1.43,0.0,True
meta.com,157.240.22.19,1.39,2.91,1.5869999999999995,1.42,157.240.22.19,1.42,0.0,True
metamask.io,185.199.111.153,0.903,1.74,1.1201,1.065,185.199.110.153,0.955,0.10999999999999999,False
metoffice.gov.uk,184.26.175.119,107.0,108.0,107.1,107.0,23.59.150.164,18.0,89.0,False
michaels.com,23.59.198.63,2.24,2.87,2.364,2.27,23.59.198.63,2.245,0.02499999999999991,True
michigan.gov,23.38.227.135,3.05,3.33,3.145,3.12,23.38.227.135,3.105,0.015000000000000124,True
micpn.com,18.238.192.76,0.269,0.426,0.3269,0.315,18.238.192.64,0.2905,0.024500000000000022,False
microchip.com,104.89.228.87,2.24,2.91,2.354,2.295,104.89.228.87,2.26,0.03500000000000014,True
milanuncios.com,18.155.192.69,0.84,1.28,0.9332,0.894,18.155.192.16,0.8815,0.012500000000000067,False
mindbodygreen.com,18.244.214.73,0.286,0.357,0.3254,0.3285,18.244.214.31,0.3085,0.020000000000000018,False
mindbodyonline.com,18.173.121.129,0.282,0.569,0.3378,0.3055,18.173.121.129,0.3055,0.0,True
miniclip.com,65.8.161.61,0.959,1.99,1.1582,1.0005,65.8.161.72,0.9715,0.028999999999999915,False
mintegral.com,18.155.202.107,0.308,0.526,0.3609,0.3275,18.155.202.16,0.321,0.006500000000000006,False
miro.com,108.139.10.56,0.823,1.35,0.9337,0.8925000000000001,108.139.10.56,0.8925000000000001,0.0,True
mirostatic.com,18.239.199.72,0.296,0.439,0.365,0.363,18.239.199.72,0.314,0.04899999999999999,True
missena.io,18.244.214.43,0.258,0.471,0.3024,0.2835,18.244.214.43,0.2835,0.0,True
mit.edu,23.203.236.99,1.31,2.68,1.55,1.44,23.203.236.99,1.44,0.0,True
mobile.de,18.155.202.14,0.875,2.09,1.0537,0.916,18.155.202.8,0.908,0.008000000000000007,False
mobilefuse.com,18.155.202.49,0.273,1.09,0.4021,0.318,18.155.202.39,0.3175,0.0005000000000000004,False
monday.com,13.227.74.92,1.08,1.91,1.2040000000000002,1.12,13.227.74.92,1.12,0.0,True
money.it,104.114.76.161,1.35,2.49,1.589,1.4,104.114.76.161,1.4,0.0,True
moneycontrol.com,23.62.46.118,0.826,1.48,1.039,0.988,23.62.46.118,0.988,0.0,True
monotaro.com,18.238.192.70,0.286,0.467,0.3242,0.314,18.238.192.120,0.3105,0.003500000000000003,False
mookie1.com,23.46.216.197,3.04,3.14,3.096,3.095,23.216.149.155,0.815,2.2800000000000002,False
moovitapp.com,108.139.10.97,0.739,1.45,0.8454,0.786,108.139.10.97,0.786,0.0,True
morganstanley.com,104.68.127.238,1.34,2.65,1.5080000000000002,1.39,104.68.127.238,1.3849999999999998,0.0050000000000001155,True
morningstar.com,99.86.38.36,17.4,28.9,18.82,17.5,108.138.246.57,0.8105,16.6895,False
motortrend.com,3.169.183.97,0.834,0.973,0.8874000000000001,0.879,3.169.183.97,0.879,0.0,True
msg-csw-lenovo.com,3.168.86.69,0.788,1.73,0.9092,0.819,3.168.86.69,0.819,0.0,True
msnbc.com,23.48.178.211,9.86,10.0,9.912,9.905,23.56.116.213,3.095,6.809999999999999,False
mtb.com,52.84.162.70,17.7,20.6,18.14,17.7,18.173.121.94,0.303,17.397,False
mulesoft.com,13.227.74.89,1.39,1.6,1.47,1.455,13.227.74.126,1.12,0.33499999999999996,False
musixmatch.com,108.138.246.70,0.81,1.47,0.9024,0.8245,108.138.246.70,0.8245,0.0,True
my-best.com,3.169.183.75,0.289,1.33,0.422,0.323,3.169.183.75,0.323,0.0,True
myanimelist.net,18.155.202.36,0.301,1.25,0.4444999999999999,0.357,18.155.202.53,0.285,0.07200000000000001,False
myherbalife.com,23.38.232.9,3.03,4.0,3.168,3.085,23.38.232.9,3.085,0.0,True
mynavi.jp,3.168.86.89,0.786,1.79,0.9359,0.8305,3.168.86.89,0.8305,0.0,True
myntra.com,23.37.17.42,3.04,3.15,3.102,3.1,104.99.49.43,0.863,2.237,False
mystrikingly.com,13.227.74.81,1.07,2.11,1.223,1.125,13.227.74.81,1.125,0.0,True
n-tv.de,18.65.3.58,9.74,25.3,13.038,9.935,18.244.214.84,0.8605,9.0745,False
narrative.io,13.227.74.76,1.09,1.67,1.219,1.12,13.227.74.76,1.1,0.020000000000000018,True
nationalgeographic.com,13.35.121.20,0.925,2.17,1.16,1.03,13.35.121.76,0.9585,0.07150000000000001,False
nationalgeographic.org,18.155.202.95,0.87,1.48,0.9643,0.8915,18.155.202.95,0.8915,0.0,True
nato.int,23.46.216.205,2.26,2.9,2.379,2.305,23.216.149.155,0.841,1.4640000000000002,False
naukri.com,23.50.9.147,1.42,8.02,2.198,1.48,23.50.9.147,1.48,0.0,True
navitime.co.jp,18.155.202.66,0.859,0.913,0.8895,0.889,18.155.202.66,0.889,0.0,True
navyfederal.org,23.67.33.36,1.79,2.8,2.002,1.82,23.216.149.147,0.8325,0.9875,False
nbc.com,23.56.3.178,1.43,2.33,1.5509999999999995,1.455,23.62.46.101,0.8205,0.6345000000000001,False
nbcnewyork.com,104.89.224.39,2.25,3.69,2.542,2.29,104.89.224.39,2.265,0.02499999999999991,True
nbcsports.com,23.62.46.116,0.76,0.869,0.8054,0.803,23.62.46.116,0.803,0.0,True
ncaa.com,104.100.76.64,3.0,4.2,3.166,3.06,104.100.76.64,3.06,0.0,True
ndtv.com,23.203.234.235,1.35,3.32,1.741,1.605,23.203.234.235,1.605,0.0,True
ndtv.in,23.37.17.127,3.07,4.14,3.211,3.105,23.37.17.127,2.285,0.8199999999999998,True
nespresso.com,23.47.184.66,0.829,1.46,0.9516,0.881,104.99.48.70,0.8505,0.03049999999999997,False
net.hr,108.138.246.97,0.796,1.08,0.8553,0.833,108.138.246.97,0.833,0.0,True
networkadvertising.org,13.227.74.22,1.51,2.63,1.7079999999999995,1.63,13.227.74.22,1.63,0.0,True
newegg.com,23.56.117.175,2.3,2.75,2.368,2.335,23.56.117.175,2.335,0.0,True
news.com.au,23.37.16.152,3.11,5.22,3.366,3.15,23.37.16.152,3.15,0.0,True
news18.com,23.62.46.118,0.812,0.893,0.8486,0.85,23.62.46.101,0.8174999999999999,0.032500000000000084,False
next.co.uk,184.28.120.131,1.28,2.58,1.4680000000000002,1.3250000000000002,104.99.48.132,0.8294999999999999,0.4955000000000003,False
nextdoor.com,18.244.214.82,0.304,0.804,0.3944,0.342,18.244.214.12,0.295,0.04700000000000004,False
nicovideo.jp,108.138.246.75,0.848,2.11,1.1647999999999998,0.912,108.138.246.90,0.8895,0.022500000000000075,False
nike.com,18.155.192.127,0.845,4.72,1.3231,0.9205,18.155.192.31,0.8645,0.05599999999999994,False
nikkansports.com,18.239.199.109,0.888,2.8,1.1846,0.95,18.239.199.109,0.899,0.050999999999999934,True
ninite.com,108.139.10.29,0.791,1.54,0.9177,0.8245,108.139.10.29,0.8245,0.0,True
nishinippon.co.jp,18.238.192.21,0.283,0.791,0.3641,0.3155,18.238.192.77,0.3145,0.0010000000000000009,False
nme.com,18.238.192.45,0.835,1.95,0.9909,0.888,18.238.192.129,0.8845000000000001,0.0034999999999999476,False
nmorerregion.com,3.169.183.49,0.285,0.364,0.3186,0.309,3.169.183.49,0.309,0.0,True
nos.nl,13.227.74.90,1.46,2.25,1.6159999999999997,1.485,13.227.74.128,1.47,0.015000000000000124,False
note.com,99.84.238.215,0.819,1.95,1.0770000000000002,0.8765000000000001,99.84.238.153,0.8394999999999999,0.037000000000000144,False
novaventa.com.co,3.169.183.64,0.31,1.05,0.4152,0.3335,3.169.183.64,0.3335,0.0,True
now.gg,13.35.121.5,0.879,2.45,1.1133,0.95,13.35.121.5,0.95,0.0,True
npr.org,18.238.192.116,0.821,1.75,0.9712,0.8714999999999999,18.238.192.116,0.8714999999999999,0.0,True
nrk.no,23.44.229.208,3.04,3.17,3.091,3.07,23.44.229.208,2.315,0.7549999999999999,True
nseindia.com,69.192.139.75,2.32,3.81,2.552,2.365,23.62.46.142,0.8505,1.5145000000000002,False
ntv.co.jp,13.249.146.117,117.0,118.0,117.2,117.0,13.249.146.55,115.0,2.0,False
nu.nl,23.46.216.206,3.11,13.3,4.929,3.2,23.216.149.140,0.898,2.302,False
nuance.com,23.13.167.105,65.7,67.2,65.87,65.7,23.13.167.105,65.7,0.0,True
nubank.com.br,3.169.183.104,0.877,2.27,1.0872,0.898,3.169.183.104,0.898,0.0,True
nykaa.com,99.84.238.211,0.809,1.77,0.9387,0.844,99.84.238.211,0.844,0.0,True
oceans-nadia.com,18.155.192.38,0.288,0.851,0.3984,0.3325,18.155.192.37,0.318,0.014500000000000013,False
oculus.com,157.240.22.49,1.31,2.15,1.459,1.375,157.240.22.49,1.365,0.010000000000000009,True
officedepot.com,23.59.199.2,2.29,3.92,2.551,2.32,23.5.248.148,1.4,0.9199999999999999,False
ohio.gov,18.161.6.57,15.4,15.8,15.51,15.5,18.161.6.57,15.5,0.0,True
oikotie.fi,18.155.192.127,0.289,1.4,0.4317,0.312,18.155.192.127,0.312,0.0,True
olx.com.br,108.139.10.86,0.879,2.13,1.1614,0.9295,108.139.10.72,0.9075,0.02200000000000002,False
olx.com.pk,18.239.199.50,0.275,1.69,0.4426,0.3085,18.239.199.50,0.3085,0.0,True
olx.pl,13.35.121.124,0.961,1.89,1.1326,1.035,13.35.121.81,1.02,0.014999999999999902,False
olx.ro,18.238.192.90,0.885,1.61,1.0368,0.9565,18.238.192.44,0.891,0.0655,False
olx.ua,3.169.183.115,0.278,1.15,0.3964,0.3085,3.169.183.115,0.3085,0.0,True
olympic.org,23.38.233.134,3.07,4.71,3.307,3.1,23.38.233.134,3.1,0.0,True
olympics.com,23.67.33.30,3.03,3.51,3.163,3.12,23.216.149.152,0.8585,2.2615,False
onedio.com,18.155.202.54,0.837,1.99,1.0288999999999997,0.8995,18.155.202.54,0.886,0.013499999999999956,True
onefootball.com,23.37.17.196,2.26,3.35,2.471,2.33,104.99.49.202,0.85,1.48,False
onelink.me,13.35.121.2,0.935,3.06,1.3229,1.0325,13.35.121.2,0.984,0.04849999999999999,True
onenote.com,23.1.245.6,1.34,1.43,1.3690000000000002,1.37,23.1.245.6,1.37,0.0,True
onet.pl,3.169.183.38,0.878,12.6,2.2235,0.96,18.244.214.89,0.8985000000000001,0.06149999999999989,False
onstove.com,18.238.192.17,0.282,0.364,0.3118,0.308,18.238.192.78,0.305,0.0030000000000000027,False
onthemarket.com,3.168.86.37,0.833,1.38,0.9673000000000002,0.8875,3.168.86.28,0.8825000000000001,0.004999999999999893,False
ooppgame.com,108.138.246.81,0.826,1.64,0.9629,0.896,108.138.246.81,0.89,0.006000000000000005,True
op.gg,18.238.192.50,0.836,1.57,1.0275,0.8875,18.238.192.50,0.8875,0.0,True
opentable.com,23.221.77.119,1.74,2.54,1.847,1.775,104.99.49.118,0.803,0.9719999999999999,False
origin.com,23.38.229.240,2.26,2.69,2.346,2.315,23.38.229.240,2.3,0.015000000000000124,True
overwolf.com,108.139.10.36,0.819,2.27,1.0257,0.8795,108.139.10.36,0.8795,0.0,True
owhealth.com,99.84.238.158,0.96,1.99,1.0926,0.9875,99.84.238.133,0.9755,0.01200000000000001,False
p-bandai.jp,23.62.46.184,0.784,1.08,0.8759,0.8365,23.216.149.144,0.8354999999999999,0.001000000000000112,False
p-world.co.jp,18.239.199.57,0.276,0.677,0.3507,0.3125,18.239.199.57,0.3125,0.0,True
paa-reporting-advertising.amazon,99.84.238.138,0.792,0.94,0.837,0.8354999999999999,99.84.238.151,0.825,0.010499999999999954,False
parallels.com,18.239.199.71,0.264,0.809,0.4032999999999999,0.367,18.239.199.41,0.3605,0.006500000000000006,False
paramount.tech,104.86.90.124,2.26,3.58,2.433,2.305,96.6.229.51,1.5,0.8050000000000002,False
pardot.com,3.169.183.89,0.302,1.06,0.4039,0.331,18.155.202.33,0.308,0.02300000000000002,False
pbskids.org,18.239.199.111,0.849,1.4,0.9361,0.8855,18.239.199.37,0.8775,0.008000000000000007,False
pcmax.jp,3.168.85.140,0.797,1.75,0.9382,0.829,3.168.85.140,0.817,0.01200000000000001,True
peacocktv.com,23.56.3.171,1.43,1.56,1.4600000000000002,1.45,23.62.46.102,0.8075000000000001,0.6424999999999998,False
peatix.com,18.155.202.25,0.287,0.881,0.4016,0.332,18.155.202.89,0.3035,0.028500000000000025,False
pex.jp,18.244.214.96,0.276,0.792,0.4076000000000001,0.318,18.244.214.96,0.315,0.0030000000000000027,True
photobucket.com,18.244.214.21,0.849,1.56,0.9617,0.884,18.244.214.65,0.881,0.0030000000000000027,False
picrew.me,3.168.86.17,0.865,3.37,1.3847,1.05,3.168.86.17,0.8925000000000001,0.15749999999999997,True
pitchfork.com,108.138.246.21,0.846,2.5,1.0692,0.8975,18.155.202.104,0.8775,0.020000000000000018,False
pix.pub,18.238.192.54,0.282,1.1,0.403,0.306,18.238.192.108,0.2945,0.01150000000000001,False
pixlr.com,13.35.121.5,0.913,7.17,1.6781,0.976,13.35.121.129,0.951,0.025000000000000022,False
placed.com,3.168.86.44,0.833,2.2,1.1024,0.9135,3.168.86.46,0.8614999999999999,0.052000000000000046,False
playbattlegrounds.com,108.138.246.32,0.786,2.1,0.9999,0.826,108.138.246.32,0.826,0.0,True
playrix.com,13.227.74.66,1.54,2.55,1.7679999999999996,1.6,13.227.74.66,1.585,0.015000000000000124,True
pnc.com,96.6.226.23,1.42,2.61,1.809,1.54,96.6.226.23,1.485,0.05499999999999994,True
poshmark.com,18.155.202.41,0.281,0.359,0.3116,0.3055,18.155.202.41,0.3055,0.0,True
postman.co,13.227.74.51,1.43,2.22,1.533,1.455,13.227.74.51,1.455,0.0,True
potterybarn.com,104.99.48.172,0.815,2.31,1.0326999999999995,0.889,104.99.48.172,0.854,0.03500000000000003,True
priceoye.pk,3.168.86.49,0.79,1.74,0.9293,0.8445,3.168.86.73,0.8140000000000001,0.03049999999999997,False
primevideo.com,18.155.202.42,0.861,1.84,1.0575,0.9425,18.155.202.42,0.8995,0.04300000000000004,True
privacymanager.io,18.155.202.104,0.842,1.59,0.9661,0.9,18.155.202.104,0.9,0.0,True
programme-television.org,99.84.238.95,0.808,2.07,1.0048,0.8594999999999999,99.84.238.218,0.848,0.011499999999999955,False
protothema.gr,23.44.229.217,2.26,18.0,3.884,2.32,23.62.46.101,0.881,1.4389999999999998,False
prreqcroab.icu,3.168.86.121,0.774,1.58,0.9088,0.817,3.168.86.121,0.794,0.02299999999999991,True
psychcentral.com,13.35.121.79,0.89,2.31,1.0948,0.949,13.35.121.79,0.949,0.0,True
public.app,99.84.238.157,0.838,18.8,2.7379,0.854,99.84.238.157,0.854,0.0,True
publico.pt,18.173.121.11,0.833,1.99,1.0431,0.923,18.173.121.37,0.8985000000000001,0.024499999999999966,False
pubmatic.com,18.155.202.56,0.807,1.51,0.9846,0.8755,18.155.202.56,0.8755,0.0,True
purestorage.com,18.239.199.81,0.298,1.26,0.6178,0.4509999999999999,18.239.199.101,0.293,0.15799999999999992,False
pushlycdn.com,108.138.246.29,0.787,1.8,0.922,0.8135,108.138.246.29,0.8135,0.0,True
pushnami.com,13.35.121.37,0.784,1.48,0.9028,0.8474999999999999,13.35.121.37,0.8474999999999999,0.0,True
qatarairways.com,23.37.17.30,3.09,4.55,3.316,3.175,23.37.17.30,3.115,0.05999999999999961,True
qiita.com,65.8.161.50,0.954,4.68,1.4902000000000002,0.982,65.8.161.50,0.982,0.0,True
quizizz.com,18.155.192.87,0.874,1.88,1.011,0.9155,18.155.192.39,0.9015,0.014000000000000012,False
qvc.com,23.38.224.197,3.03,3.14,3.091,3.09,23.38.224.197,3.09,0.0,True
qvc.de,23.38.231.123,3.04,5.97,3.4130000000000003,3.1,23.38.231.123,3.1,0.0,True
qvc.jp,23.56.114.55,2.25,2.86,2.354,2.275,23.56.114.55,2.275,0.0,True
racingpost.com,18.155.192.122,0.29,1.06,0.4038,0.326,18.155.192.5,0.3165,0.009500000000000008,False
radissonhotels.com,104.100.66.135,2.28,4.24,2.519,2.335,104.100.66.135,2.335,0.0,True
ragnet.co.jp,65.8.161.92,0.308,1.46,0.4452999999999999,0.319,65.8.161.92,0.319,0.0,True
rainberrytv.com,18.238.192.104,0.282,1.37,0.4223,0.316,18.238.192.104,0.312,0.0040000000000000036,True
rakuten-card.co.jp,23.38.234.223,2.24,2.39,2.298,2.295,23.38.234.223,2.28,0.015000000000000124,True
rakuten-sec.co.jp,184.29.17.21,106.0,107.0,106.1,106.0,23.221.141.35,104.0,2.0,False
rapid7.com,13.227.74.43,1.56,2.61,1.703,1.59,13.227.74.43,1.59,0.0,True
razorpay.com,13.227.74.5,1.4,2.08,1.501,1.4449999999999998,13.227.74.5,1.4449999999999998,0.0,True
rbx.com,3.167.212.32,11.3,12.3,11.42,11.3,18.244.214.76,0.2975,11.002500000000001,False
realestate.com.au,104.68.109.195,1.38,2.51,1.515,1.41,104.68.109.195,1.41,0.0,True
reasonsecurity.com,13.35.121.3,0.835,1.44,0.9157,0.8574999999999999,13.35.121.45,0.839,0.01849999999999996,False
redbull.com,23.62.46.102,0.773,1.33,0.8467,0.785,23.62.46.102,0.785,0.0,True
redfin.com,18.155.192.29,0.864,3.14,1.1723,0.959,18.155.192.29,0.959,0.0,True
rediff.com,23.211.139.198,0.773,1.04,0.8392,0.7965,23.211.139.198,0.7965,0.0,True
rei.com,23.37.16.32,3.04,3.22,3.117,3.105,23.37.16.32,3.085,0.020000000000000018,True
repubblica.it,18.238.192.81,0.84,1.51,0.9948,0.933,18.238.192.33,0.887,0.04600000000000004,False
reserved.com,23.62.46.166,0.798,1.34,0.931,0.862,23.216.149.145,0.821,0.041000000000000036,False
revenuecat.com,18.244.214.113,0.267,0.357,0.3102999999999999,0.3075,18.244.214.113,0.3035,0.0040000000000000036,True
revjet.com,18.238.192.20,0.869,1.24,0.9607,0.9125,18.238.192.7,0.8925000000000001,0.019999999999999907,False
rfa.org,23.1.100.52,1.35,1.65,1.473,1.43,23.1.100.52,1.43,0.0,True
rferl.org,23.67.33.20,3.04,3.49,3.176,3.13,23.216.149.133,0.832,2.298,False
rfi.fr,23.59.198.181,3.04,3.5,3.114,3.075,23.59.198.181,3.075,0.0,True
riotgames.com,23.59.203.168,3.08,4.42,3.2840000000000003,3.135,23.59.203.168,3.135,0.0,True
ripley.cl,18.239.199.53,0.278,1.25,0.4309,0.3345,18.239.199.44,0.3125,0.02200000000000002,False
ripley.com.pe,3.168.86.91,0.853,6.18,1.4974,0.897,3.168.86.12,0.831,0.06600000000000006,False
ritzcarlton.com,23.37.16.116,2.25,3.13,2.381,2.295,104.99.48.116,0.8155,1.4794999999999998,False
robinhood.com,3.168.86.79,0.814,1.95,0.9765,0.8354999999999999,3.168.86.79,0.823,0.012499999999999956,True
rockstargames.com,23.196.126.23,3.04,3.15,3.0729999999999995,3.065,23.196.126.23,3.065,0.0,True
rottentomatoes.com,23.51.163.153,107.0,109.0,107.2,107.0,96.6.227.100,1.41,105.59,False
route.com,18.173.121.74,0.274,0.345,0.3065,0.3055,18.173.121.74,0.3055,0.0,True
royalcaribbean.com,104.86.92.108,3.06,4.28,3.239,3.115,104.86.92.108,3.07,0.04500000000000037,True
saasexch.com,3.169.183.26,0.262,1.18,0.4051999999999999,0.3345,18.244.214.74,0.3165,0.018000000000000016,False
sainsburys.co.uk,23.212.62.196,1.31,2.58,1.488,1.355,23.216.149.134,0.8405,0.5145,False
saksfifthavenue.com,23.218.216.211,66.9,67.9,67.06,66.9,23.212.249.84,65.6,1.3000000000000114,False
sakshi.com,13.35.121.107,0.815,1.82,0.9869,0.868,13.35.121.107,0.868,0.0,True
salesforce.com,104.109.11.129,3.08,6.21,3.556,3.24,23.1.106.133,2.9400000000000004,0.2999999999999998,False
salesloft.com,18.244.214.86,0.857,1.04,0.9052,0.8905000000000001,18.244.214.86,0.8905000000000001,0.0,True
salon.com,108.139.10.94,0.785,1.46,0.9113,0.8374999999999999,108.139.10.35,0.8234999999999999,0.014000000000000012,False
salonboard.com,23.46.216.207,3.05,6.27,3.553,3.135,23.216.149.136,0.8394999999999999,2.2954999999999997,False
samsara.com,108.138.246.126,0.781,1.93,0.9315,0.8174999999999999,108.138.246.126,0.815,0.0024999999999999467,True
samsclub.com,184.28.121.67,1.27,2.17,1.389,1.3050000000000002,104.99.49.69,0.795,0.5100000000000001,False
samsunghealth.com,18.239.199.34,0.292,1.23,0.489,0.324,18.239.199.34,0.302,0.02200000000000002,True
santander.com.br,23.37.16.74,2.23,7.61,2.8400000000000003,2.3,23.37.16.74,2.3,0.0,True
sarkariresult.com,108.139.10.71,0.864,11.7,2.1284,0.929,108.139.10.113,0.9255,0.0035000000000000586,False
savvasrealize.com,18.173.121.125,0.857,3.43,1.3665999999999998,0.96,18.173.121.125,0.916,0.04399999999999993,True
schneevonmorgen.com,65.8.161.99,0.317,1.15,0.4332,0.33,18.239.199.123,0.3,0.030000000000000027,False
scholastic.com,23.212.62.197,1.4,2.12,1.502,1.42,23.216.149.154,0.9375,0.48249999999999993,False
sciencedaily.com,18.155.192.83,0.851,2.25,1.0663,0.94,18.155.192.79,0.9265,0.013499999999999956,False
script.ac,13.227.74.17,1.68,2.96,1.854,1.74,13.227.74.26,1.59,0.1499999999999999,False
sec.gov,23.38.234.59,2.27,4.32,2.507,2.3,23.38.234.59,2.3,0.0,True
secondlife.com,23.44.229.219,2.22,3.81,2.442,2.28,23.62.46.102,0.84,1.44,False
seloger.com,18.244.214.92,0.847,2.27,1.207,0.91,18.244.214.110,0.887,0.02300000000000002,False
semanticscholar.org,3.168.86.69,0.781,1.62,0.8987,0.825,3.168.86.86,0.801,0.02399999999999991,False
senate.gov,23.203.214.162,1.41,6.78,2.0040000000000004,1.46,23.203.214.162,1.46,0.0,True
sensic.net,3.169.183.117,0.857,7.11,1.5295,0.883,3.168.86.112,0.8755,0.007500000000000062,False
sephora.com,23.192.52.134,59.5,59.9,59.56,59.5,104.99.48.146,0.7925,58.7075,False
servicewebly.com,65.8.161.124,0.293,1.08,0.4019,0.33,65.8.161.34,0.319,0.01100000000000001,False
setlist.fm,18.239.199.10,0.86,3.17,1.2478,0.925,18.239.199.10,0.869,0.05600000000000005,True
sezzle.com,3.169.183.23,0.276,1.03,0.3958,0.3355,3.169.183.23,0.3355,0.0,True
shalltry.com,18.155.192.23,0.832,1.73,1.022,0.8885000000000001,18.155.192.23,0.8885000000000001,0.0,True
sharefile.com,3.168.86.21,0.813,1.8,0.9436,0.841,3.168.86.21,0.841,0.0,True
sharethis.com,18.239.199.90,0.888,6.95,1.5882,0.9115,18.239.199.90,0.9115,0.0,True
shiksha.com,23.67.33.134,3.06,3.66,3.185,3.08,23.56.4.203,1.485,1.595,False
shopch.jp,108.138.246.40,0.777,1.61,0.9228,0.836,108.138.246.40,0.8085,0.02749999999999997,True
simplisafe.com,3.168.86.126,0.788,1.91,0.9359000000000002,0.834,3.168.86.6,0.7855000000000001,0.04849999999999988,False
singaporeair.com,23.221.76.108,2.21,2.64,2.2910000000000004,2.265,23.221.76.108,2.26,0.0050000000000003375,True
sinsay.com,23.62.46.175,0.797,0.987,0.8547,0.838,23.216.149.132,0.789,0.04899999999999993,False
sketchfab.com,3.169.183.13,0.288,0.951,0.3802999999999999,0.313,3.169.183.13,0.313,0.0,True
sketchup.com,18.155.202.30,0.284,0.376,0.3181,0.3125,18.155.202.84,0.3095,0.0030000000000000027,False
slack-imgs.com,99.84.238.172,0.832,1.41,0.9669,0.8614999999999999,99.84.238.172,0.8614999999999999,0.0,True
sleepnumber.com,13.35.121.23,0.961,2.01,1.1527999999999998,1.008,13.35.121.88,0.9505,0.057499999999999996,False
sleepycat.com,23.38.225.98,1.79,2.64,1.968,1.835,23.38.225.98,1.825,0.010000000000000009,True
sliide.cloud,18.238.192.2,0.272,1.38,0.4156999999999999,0.3045,18.238.192.87,0.291,0.013500000000000012,False
sling.com,65.8.161.121,0.9,2.16,1.0847000000000002,0.959,65.8.161.121,0.959,0.0,True
smadex.com,3.168.86.37,0.868,2.75,1.1042,0.905,3.168.86.37,0.905,0.0,True
smallpdf.com,65.8.161.41,0.301,1.06,0.4059999999999999,0.3245,65.8.161.41,0.3245,0.0,True
smartasset.com,18.244.214.128,0.259,0.364,0.3111,0.2995,18.244.214.128,0.2995,0.0,True
smartclip.net,3.169.183.104,0.284,1.49,0.4506,0.3105,3.169.183.104,0.3105,0.0,True
smartthings.com,18.155.202.31,0.868,1.88,1.0894,0.96,18.155.202.31,0.891,0.06899999999999995,True
smbcnikko.co.jp,23.202.193.25,1.75,1.84,1.7990000000000002,1.8,23.202.193.25,1.8,0.0,True
smooch.io,65.8.161.44,0.885,1.87,1.0642999999999998,0.9825,65.8.161.5,0.9505,0.03200000000000003,False
sndcdn.com,18.173.121.28,0.827,2.11,0.9929,0.8685,18.173.121.42,0.8574999999999999,0.01100000000000012,False
snopes.com,18.155.202.120,0.285,0.369,0.3137,0.308,18.155.202.120,0.308,0.0,True
solaredge.com,3.169.183.84,0.837,6.23,1.5531,0.911,3.168.86.76,0.9045,0.006500000000000061,False
solitaired.com,18.155.202.121,0.864,1.35,0.9882,0.947,18.155.202.106,0.8895,0.057499999999999996,False
sonos.com,23.62.46.182,0.776,1.35,0.8709,0.795,23.216.149.132,0.7815000000000001,0.013499999999999956,False
sophos.com,23.62.46.171,0.799,1.11,0.9311,0.9385,23.62.46.171,0.9385,0.0,True
soundcloud.com,18.155.192.59,0.839,1.48,0.9914,0.877,18.155.192.59,0.87,0.007000000000000006,True
spamcop.net,23.56.119.194,2.23,2.31,2.272,2.265,23.56.119.194,2.265,0.0,True
sparkpost.com,13.35.121.120,0.824,1.16,0.9037999999999998,0.8745,13.35.121.120,0.8745,0.0,True
spectator.co.uk,13.227.74.7,1.11,1.94,1.219,1.125,13.227.74.7,1.125,0.0,True
sporcle.com,18.238.192.106,0.842,1.61,0.9936,0.8885000000000001,18.238.192.106,0.8885000000000001,0.0,True
sportnieuws.nl,23.62.46.171,0.761,1.32,0.8613000000000002,0.815,23.62.46.171,0.815,0.0,True
sporza.be,3.169.183.115,0.314,0.701,0.3888,0.3345,3.169.183.115,0.3345,0.0,True
spot.im,13.35.121.7,0.963,1.58,1.0847,0.997,13.35.121.114,0.9925,0.0044999999999999485,False
spreaker.com,18.239.199.108,0.305,0.854,0.3931,0.3345,18.239.199.108,0.324,0.01050000000000001,True
spribegaming.com,18.155.202.93,0.855,2.01,1.006,0.894,18.155.202.93,0.894,0.0,True
sprig.com,99.84.238.150,0.805,1.66,0.9310999999999998,0.8254999999999999,99.84.238.150,0.8254999999999999,0.0,True
sprinklr.com,65.8.161.105,0.275,0.825,0.3534,0.3025,65.8.161.105,0.3025,0.0,True
sprint.com,23.67.33.28,3.05,3.47,3.129,3.085,23.216.149.148,0.81,2.275,False
sproutsocial.com,3.169.183.104,0.273,0.974,0.3686,0.3065,18.173.121.101,0.2915,0.015000000000000013,False
ssrn.com,18.173.121.11,0.861,2.23,1.0322999999999998,0.8885000000000001,18.173.121.35,0.877,0.011500000000000066,False
staples.com,23.38.234.146,3.02,3.3,3.0700000000000003,3.045,23.38.234.146,3.045,0.0,True
starwars.com,23.46.216.202,3.04,3.2,3.083,3.07,23.46.216.202,3.07,0.0,True
statista.com,18.155.202.65,0.863,1.4,0.9582,0.892,18.155.202.65,0.892,0.0,True
steamcommunity.com,23.59.200.146,2.25,2.99,2.403,2.3200000000000003,23.59.200.146,2.3,0.020000000000000462,True
steampowered.com,104.89.226.113,2.29,3.9,2.5010000000000003,2.35,104.89.226.113,2.285,0.06499999999999995,True
stitcher.com,99.84.238.139,0.952,1.18,1.0336,1.001,99.84.238.139,0.9925,0.008499999999999841,True
straitstimes.com,18.155.202.11,0.291,0.863,0.3742999999999999,0.3245,18.155.202.11,0.313,0.01150000000000001,True
strava.com,18.238.192.126,0.258,1.22,0.3872,0.302,18.238.192.126,0.302,0.0,True
streamzon.net,99.84.238.145,0.919,2.37,1.2119,0.981,99.84.238.162,0.971,0.010000000000000009,False
stubhub.com,23.67.33.30,3.05,4.53,3.249,3.09,184.25.254.139,1.605,1.4849999999999999,False
studentaid.gov,23.37.17.31,3.02,4.14,3.2299999999999995,3.095,104.99.48.246,0.7955000000000001,2.2995,False
study.com,108.138.246.7,0.765,0.958,0.8182,0.802,108.138.246.7,0.802,0.0,True
stuff.co.nz,13.35.121.97,0.832,1.57,0.9543,0.85,13.35.121.118,0.84,0.010000000000000009,False
subito.it,23.37.16.238,3.09,6.1,3.51,3.19,104.99.48.238,0.8665,2.3235,False
substackcdn.com,18.155.202.104,0.268,1.27,0.4296,0.3035,18.155.202.104,0.3035,0.0,True
superawesome.tv,18.173.121.128,0.857,1.99,1.1882,0.9585,18.173.121.3,0.8935,0.06500000000000006,False
superbet.com,65.8.161.21,0.907,2.18,1.1276,1.005,65.8.161.21,0.979,0.025999999999999912,True
supercell.com,65.8.161.102,0.995,2.44,1.2074000000000005,1.035,65.8.161.5,0.9995,0.035499999999999865,False
supremecourt.gov,104.123.70.105,1.38,2.64,1.5559999999999998,1.4449999999999998,23.216.149.144,0.8434999999999999,0.6014999999999999,False
survata.com,3.168.86.55,0.803,1.81,0.9429000000000002,0.8354999999999999,3.168.86.122,0.8214999999999999,0.014000000000000012,False
surveymonkey.com,18.155.202.72,0.833,1.14,0.9168,0.887,18.155.202.72,0.887,0.0,True
survicate.com,13.227.74.72,1.69,2.41,1.804,1.75,13.227.74.85,1.57,0.17999999999999994,False
swagbucks.com,18.155.202.80,0.847,1.01,0.9021,0.875,18.155.202.80,0.875,0.0,True
swarovski.com,23.211.139.197,0.764,0.85,0.8161000000000002,0.8165,23.211.139.197,0.8165,0.0,True
swrve.com,18.239.199.23,0.309,0.61,0.3994,0.3655,18.239.199.125,0.307,0.058499999999999996,False
syfy.com,23.203.221.75,1.37,1.46,1.413,1.415,23.203.221.75,1.415,0.0,True
sympla.com.br,18.244.214.129,0.255,0.775,0.3771,0.3225,18.244.214.82,0.3075,0.015000000000000013,False
syncthing.net,185.199.111.153,0.931,1.89,1.1505,1.065,185.199.108.153,0.942,0.123,False
tableau.com,23.56.115.154,3.03,3.82,3.191,3.1,23.56.115.154,3.09,0.010000000000000231,True
tabnine.com,18.173.121.41,0.295,1.27,0.4206999999999999,0.332,18.173.121.3,0.3065,0.025500000000000023,False
tacobell.com,23.46.216.207,3.05,3.44,3.166,3.12,23.216.149.153,0.811,2.309,False
tampabay.com,23.214.95.202,1.31,1.46,1.351,1.34,23.62.46.117,0.8725,0.4675,False
tcgplayer.com,18.155.192.43,0.853,1.17,0.9216,0.893,18.155.192.43,0.8825000000000001,0.010499999999999954,True
td.com,23.46.216.209,3.07,3.84,3.2700000000000005,3.1950000000000003,23.216.149.144,0.9695,2.2255000000000003,False
telecinco.es,23.56.118.45,3.07,4.99,3.315,3.115,23.56.118.45,3.115,0.0,True
telegraph.co.uk,3.168.86.124,0.844,1.93,0.981,0.8815,3.168.86.124,0.8815,0.0,True
tesco.com,184.28.120.72,1.29,2.27,1.485,1.3250000000000002,104.99.48.73,0.8035,0.5215000000000002,False
tesla.com,2.18.51.207,158.0,350.0,177.3,158.0,2.18.49.207,2.17,155.83,False
thairath.co.th,3.168.86.89,0.798,1.9,0.9726,0.8534999999999999,3.168.86.6,0.8185,0.03499999999999992,False
the-ans.jp,99.84.238.196,0.833,1.72,0.9386,0.853,99.84.238.196,0.853,0.0,True
theaustralian.com.au,23.37.16.152,3.03,3.14,3.099,3.1,23.37.16.152,3.1,0.0,True
theculturetrip.com,65.8.161.28,0.298,9.09,1.3504999999999998,0.347,65.8.161.124,0.3205,0.026499999999999968,False
theknot.com,23.56.120.86,3.04,3.85,3.153,3.065,23.56.120.86,3.065,0.0,True
themoviedb.org,18.155.202.83,0.834,4.02,1.2169,0.8985000000000001,18.155.202.83,0.8985000000000001,0.0,True
thetrainline.com,108.138.246.35,0.85,2.13,1.0005000000000002,0.877,108.138.246.35,0.877,0.0,True
thousandeyes.com,65.8.161.27,0.312,1.13,0.413,0.3355,65.8.161.27,0.3355,0.0,True
threads.net,157.240.22.63,1.55,2.94,1.7630000000000003,1.5950000000000002,157.240.22.63,1.55,0.04500000000000015,True
tidal.com,3.169.183.112,0.278,0.941,0.3859999999999999,0.3,3.169.183.112,0.3,0.0,True
tiktok.com,3.168.86.52,0.831,4.86,1.2756999999999998,0.8825000000000001,3.168.86.124,0.878,0.0045000000000000595,False
tiktokv.com,173.223.234.20,10.0,11.1,10.189999999999998,10.1,173.223.234.20,10.1,0.0,True
tilda.ws,5.181.161.7,16.1,70.3,53.830000000000005,59.7,5.181.161.7,48.7,11.0,True
timeout.com,18.155.202.51,0.274,0.946,0.3762,0.3245,18.155.202.51,0.3245,0.0,True
timesnowhindi.com,108.138.246.11,0.81,1.57,0.9182,0.851,108.138.246.82,0.8174999999999999,0.033500000000000085,False
tizen.org,108.138.246.3,0.772,1.77,0.8936,0.7925,108.138.246.3,0.791,0.0014999999999999458,True
tmdb.org,13.227.74.119,1.55,3.52,2.186,1.665,13.227.74.59,1.61,0.05499999999999994,False
tn.com.ar,23.214.95.215,1.39,2.53,1.536,1.41,23.62.46.116,0.8005,0.6094999999999999,False
toasttab.com,108.138.246.76,0.793,1.54,0.9706,0.851,18.239.199.5,0.3165,0.5345,False
todoist.com,18.155.192.125,0.83,1.4,0.9494,0.9085,18.155.192.111,0.896,0.012499999999999956,False
tp-link.com,18.155.202.107,0.849,1.47,1.0034,0.937,18.155.202.107,0.937,0.0,True
trackjs.com,185.199.108.153,0.951,2.2,1.3551,1.105,185.199.108.153,1.045,0.06000000000000005,True
tradingview.com,18.155.202.56,0.835,1.62,1.0033,0.9025,18.155.202.8,0.881,0.021499999999999964,False
travelocity.com,184.84.192.197,1.3,1.87,1.4070000000000005,1.335,184.84.192.197,1.335,0.0,True
traveloka.com,65.8.161.12,0.282,0.953,0.3742,0.3095,65.8.161.12,0.3095,0.0,True
trello.com,18.244.214.42,0.872,5.16,1.8412,0.984,18.244.214.42,0.924,0.05999999999999994,True
tremorhub.com,18.239.199.49,0.848,1.35,0.9512,0.889,18.239.199.49,0.889,0.0,True
trenitalia.com,23.65.199.55,138.0,139.0,138.1,138.0,2.18.142.69,137.0,1.0,False
tribunnews.com,18.238.192.15,0.863,2.13,1.0301,0.9145,18.238.192.15,0.9145,0.0,True
trilltrill.jp,18.238.192.114,0.292,0.824,0.4182,0.356,18.238.192.87,0.311,0.044999999999999984,False
trkn.us,23.212.62.197,1.41,2.43,1.543,1.45,23.216.149.134,0.8514999999999999,0.5985,False
trulia.com,18.238.192.9,0.295,1.13,0.4108,0.3385,18.238.192.7,0.3055,0.03300000000000003,False
tsa.gov,96.6.233.155,1.29,2.12,1.392,1.3050000000000002,96.6.233.155,1.3050000000000002,0.0,True
tse.jus.br,23.46.216.201,2.21,2.33,2.271,2.265,23.216.149.139,0.796,1.469,False
tui.co.uk,23.212.62.214,1.3,1.71,1.4250000000000005,1.4,23.216.149.150,0.8374999999999999,0.5625,False
turkishairlines.com,23.211.139.197,0.751,1.36,0.8855999999999999,0.8314999999999999,23.216.149.150,0.8205,0.010999999999999899,False
tv9hindi.com,18.155.202.53,0.269,0.845,0.3479,0.293,18.155.202.53,0.293,0.0,True
tv9telugu.com,3.169.183.56,0.28,0.342,0.306,0.3,3.169.183.56,0.3,0.0,True
tvbs.com.tw,18.244.214.78,0.275,0.754,0.3617,0.317,18.244.214.78,0.3125,0.004500000000000004,True
tver.jp,18.173.121.72,0.265,0.752,0.3329,0.287,18.173.121.72,0.287,0.0,True
tvn24.pl,18.173.121.7,0.842,2.11,1.1327,0.9645,18.173.121.89,0.899,0.0655,False
tvtropes.org,65.8.161.3,0.292,0.478,0.3442999999999999,0.328,65.8.161.3,0.328,0.0,True
tycsports.com,18.239.199.34,0.279,0.39,0.3276,0.327,18.239.199.34,0.3055,0.02150000000000002,True
typeform.com,3.168.86.98,0.857,1.37,0.9872000000000002,0.896,3.168.86.98,0.896,0.0,True
udn.com,23.203.213.104,1.3,1.53,1.398,1.3849999999999998,23.203.213.104,1.3849999999999998,0.0,True
ui.com,3.168.86.110,0.82,5.23,1.3216,0.8825000000000001,3.168.86.77,0.8545,0.028000000000000025,False
uisp.com,18.238.192.88,0.291,0.974,0.3825,0.324,18.238.192.88,0.324,0.0,True
ulta.com,23.37.16.128,3.03,3.53,3.127,3.065,23.37.16.128,3.06,0.004999999999999893,True
umd.edu,3.167.56.56,66.6,67.4,66.71000000000001,66.6,3.167.56.56,66.6,0.0,True
unacademy.com,18.238.192.81,0.848,2.17,1.1073,0.9075,18.238.192.81,0.9075,0.0,True
underarmour.com,18.160.10.54,69.2,70.0,69.32000000000002,69.2,18.160.10.44,64.0,5.200000000000003,False
united.com,104.99.48.106,0.784,1.6,0.8924,0.8145,104.99.48.106,0.8145,0.0,True
unity.com,23.214.112.240,1.35,1.5,1.388,1.38,23.214.112.240,1.38,0.0,True
unity3d.com,104.100.80.224,3.07,4.28,3.316,3.1,104.100.80.224,3.1,0.0,True
unixtools.org,108.139.10.84,0.829,1.1,0.9049,0.893,108.139.10.84,0.893,0.0,True
unotv.com,104.86.89.151,2.26,2.97,2.377,2.3200000000000003,104.86.89.151,2.3,0.020000000000000462,True
unrulymedia.com,18.173.121.3,0.837,4.38,1.4922,0.8734999999999999,18.173.121.76,0.8705,0.0029999999999998916,False
urban-vpn.com,18.239.199.44,0.284,0.605,0.3367,0.3095,18.239.199.94,0.297,0.012500000000000011,False
usaa.com,23.196.121.58,2.2,2.38,2.27,2.275,23.196.121.58,2.265,0.009999999999999787,True
usabilla.com,18.155.192.83,0.267,0.378,0.3022,0.289,18.155.192.83,0.289,0.0,True
usajobs.gov,23.38.231.179,3.02,3.13,3.0860000000000003,3.09,23.38.231.179,3.09,0.0,True
uscis.gov,96.6.233.155,1.28,1.98,1.38,1.295,96.6.233.155,1.295,0.0,True
uscourts.gov,104.68.108.69,1.25,1.95,1.355,1.285,104.68.108.69,1.285,0.0,True
userway.org,18.155.192.127,0.281,1.01,0.3761,0.301,18.155.192.127,0.301,0.0,True
usnews.com,23.196.120.10,37.2,107.0,71.03,76.4,23.38.236.76,3.245,73.155,False
vaidebet.com,3.169.183.64,0.272,1.62,0.4597,0.323,3.169.183.64,0.323,0.0,True
vanderbilt.edu,18.67.65.119,66.2,67.4,66.41000000000001,66.2,18.67.65.119,66.2,0.0,True
vaultdcr.com,13.227.74.74,1.11,2.04,1.264,1.13,13.227.74.74,1.13,0.0,True
vedantu.com,108.138.246.113,0.773,1.8,0.9404,0.815,18.173.121.58,0.3075,0.5075,False
verkada.com,13.227.74.60,1.52,2.69,1.722,1.625,13.227.74.60,1.625,0.0,True
very.co.uk,23.37.17.71,3.03,4.22,3.2300000000000004,3.105,23.37.17.71,3.1,0.004999999999999893,True
viber.com,104.100.52.122,2.26,5.0,2.586,2.305,104.100.52.122,2.305,0.0,True
vidio.com,65.8.161.63,0.916,2.04,1.0889,0.9765,65.8.161.63,0.971,0.00550000000000006,True
voanews.com,23.67.33.23,2.2,2.68,2.289,2.255,23.216.149.146,0.8494999999999999,1.4055,False
volcanoh5game.com,108.138.246.37,0.801,1.81,0.9876,0.8565,108.138.246.82,0.817,0.03950000000000009,False
volkskrant.nl,23.46.216.206,2.25,2.97,2.355,2.27,23.216.149.148,0.8029999999999999,1.467,False
vrbo.com,23.62.46.26,0.789,1.51,0.8756,0.802,23.62.46.26,0.802,0.0,True
vudu.com,23.62.46.11,0.748,1.57,0.8958,0.8,23.62.46.11,0.8,0.0,True
wa.me,157.240.22.53,1.46,2.38,1.7420000000000002,1.56,157.240.22.53,1.5,0.06000000000000005,True
wakelet.com,13.35.121.95,0.825,1.79,0.9434,0.8425,108.139.10.41,0.8414999999999999,0.001000000000000112,False
walgreens.com,23.1.106.101,1.99,51.6,7.028999999999999,2.055,184.31.10.101,2.035,0.020000000000000018,False
wallapop.com,3.168.86.12,0.839,2.21,1.0304,0.8625,3.168.86.12,0.8625,0.0,True
wallpapers.com,13.227.74.88,1.07,1.93,1.19,1.11,13.227.74.88,1.11,0.0,True
walmart.ca,23.214.102.138,1.37,3.98,1.861,1.42,23.214.102.138,1.355,0.06499999999999995,True
walmart.com,104.99.48.176,0.798,2.51,1.1018,0.8665,104.99.48.176,0.8405,0.026000000000000023,True
walmart.com.mx,23.213.145.146,1.42,1.93,1.504,1.455,23.213.145.146,1.45,0.0050000000000001155,True
warframe.com,104.100.53.63,2.27,3.56,2.483,2.38,104.100.53.63,2.38,0.0,True
washingtonpost.com,23.203.236.165,1.47,1.94,1.591,1.51,23.203.236.165,1.51,0.0,True
wattpad.com,18.173.121.51,0.85,2.1,1.0339,0.918,18.173.121.23,0.874,0.04400000000000004,False
we.tl,3.168.86.40,0.863,2.11,1.0322,0.912,3.168.86.85,0.892,0.020000000000000018,False
weather.com,104.100.64.171,2.23,3.33,2.401,2.3,104.100.64.171,2.3,0.0,True
weather.gov,23.37.16.17,2.24,2.37,2.2880000000000003,2.285,23.37.16.17,2.285,0.0,True
weathernews.jp,3.168.86.76,0.84,2.13,1.0162,0.8895,3.168.86.76,0.8895,0.0,True
webcontentassessor.com,18.239.199.30,0.84,1.31,0.9321,0.8734999999999999,18.239.199.30,0.8734999999999999,0.0,True
webnovel.com,65.8.161.97,0.886,2.13,1.1288888888888888,1.0,65.8.161.32,0.9835,0.01649999999999996,False
wellsfargo.com,23.212.62.211,1.34,1.87,1.4620000000000002,1.4049999999999998,23.216.149.143,0.785,0.6199999999999998,False
wetransfer.com,18.244.214.78,0.806,1.02,0.8844,0.873,18.244.214.78,0.873,0.0,True
wetteronline.de,13.227.74.113,1.68,2.39,1.775,1.705,13.227.74.113,1.705,0.0,True
whatsapp.com,157.240.22.53,1.44,2.31,1.567,1.485,157.240.22.53,1.4449999999999998,0.04000000000000026,True
whatsapp.net,157.240.22.53,1.38,2.26,1.5959999999999996,1.505,157.240.22.53,1.485,0.019999999999999796,True
widen.net,18.155.192.34,0.314,1.34,0.4448999999999999,0.353,18.155.192.34,0.3475,0.005500000000000005,True
wikiwand.com,18.155.192.126,0.808,0.878,0.8492000000000001,0.854,18.155.192.126,0.854,0.0,True
williamhill.com,13.35.121.113,0.799,1.44,0.9017000000000002,0.8434999999999999,99.84.238.136,0.826,0.01749999999999996,False
wizards.com,23.59.196.111,3.03,3.54,3.1160000000000005,3.075,23.59.196.111,3.075,0.0,True
wolt.com,13.35.121.22,0.893,2.33,1.1365000000000005,0.9755,13.35.121.77,0.971,0.0045000000000000595,False
wowhead.com,108.139.10.118,0.86,2.22,1.0453,0.915,108.139.10.118,0.915,0.0,True
wplay.co,69.192.139.212,2.23,3.64,2.434,2.3,23.62.46.72,0.809,1.4909999999999997,False
wral.com,3.169.183.12,0.3,1.12,0.4194,0.325,18.155.202.23,0.301,0.02400000000000002,False
wsj.com,65.8.161.52,0.986,2.62,1.2516,1.065,65.8.161.52,1.065,0.0,True
wsj.net,13.35.121.52,0.911,1.85,1.0427,0.9515,13.35.121.52,0.9515,0.0,True
wufoo.com,3.168.86.99,0.783,0.884,0.8238999999999999,0.818,3.168.86.99,0.818,0.0,True
wunderground.com,104.100.64.171,2.26,3.34,2.442,2.345,104.100.64.171,2.345,0.0,True
www.gob.mx,23.46.216.209,3.07,3.74,3.1950000000000003,3.135,23.216.149.153,0.846,2.2889999999999997,False
www.nhs.uk,184.87.190.150,137.0,139.0,137.3,137.0,23.214.140.164,134.0,3.0,False
wynk.in,13.227.74.49,1.57,2.59,1.778,1.61,13.227.74.49,1.57,0.040000000000000036,True
xataka.com,108.138.246.26,0.854,2.33,1.0711,0.9,108.138.246.26,0.9,0.0,True
xe.com,3.169.183.70,0.29,1.79,0.4646,0.3095,18.155.192.87,0.302,0.007500000000000007,False
xero.com,13.227.74.7,1.06,1.13,1.106,1.1150000000000002,13.227.74.7,1.1150000000000002,0.0,True
yanmaga.jp,65.8.161.113,0.315,1.1,0.4187999999999999,0.3455,65.8.161.113,0.3455,0.0,True
ycombinator.com,18.173.121.100,0.257,0.336,0.3017,0.3035,18.173.121.100,0.3035,0.0,True
yle.fi,18.244.214.90,0.276,0.506,0.3418,0.3245,18.244.214.73,0.3145,0.010000000000000009,False
ynet.co.il,23.1.101.195,1.35,2.72,1.81,1.41,104.99.50.4,0.9245,0.48549999999999993,False
yr.no,23.44.229.225,3.07,3.53,3.189,3.115,23.62.46.102,0.837,2.2780000000000005,False
yumpu.com,13.35.121.45,0.79,4.19,1.161,0.8274999999999999,13.35.121.45,0.8274999999999999,0.0,True
zalando.de,3.169.183.117,0.279,1.1,0.4065999999999999,0.304,3.169.183.117,0.304,0.0,True
zalando.es,3.169.183.49,0.283,1.25,0.4029,0.306,3.169.183.49,0.306,0.0,True
zalando.fr,3.169.183.43,0.271,0.931,0.3675,0.303,18.173.121.118,0.301,0.0020000000000000018,False
zalando.it,3.169.183.58,0.29,1.48,0.4266,0.312,3.169.183.58,0.312,0.0,True
zalando.nl,3.169.183.49,0.27,1.26,0.3969,0.3085,3.169.183.49,0.3085,0.0,True
zalando.pl,3.169.183.43,0.279,1.19,0.4044999999999999,0.322,18.173.121.55,0.3045,0.017500000000000016,False
zapier.com,18.155.202.66,0.277,0.396,0.3186,0.3025,18.155.202.66,0.3025,0.0,True
zara.com,69.192.139.107,3.03,4.11,3.173,3.0700000000000003,69.192.139.71,2.285,0.7850000000000001,False
zemanta.com,23.203.227.169,1.39,7.19,2.712,1.525,23.203.227.169,1.46,0.06499999999999995,True
zg-api.com,13.227.74.70,1.7,2.97,1.901,1.765,18.239.199.108,0.8734999999999999,0.8915,False
zillow.com,18.238.192.25,0.862,0.965,0.9167,0.917,18.238.192.54,0.9005000000000001,0.01649999999999996,False
zillowstatic.com,18.239.199.50,0.824,0.996,0.8855999999999999,0.884,18.239.199.50,0.884,0.0,True
zone-turf.fr,18.155.192.14,0.289,1.5,0.4585999999999999,0.3345,18.155.192.82,0.3305,0.0040000000000000036,False
zozo.jp,23.212.62.214,1.34,1.63,1.4280000000000002,1.375,23.212.62.214,1.375,0.0,True
zynga.com,3.168.86.66,0.793,1.78,0.9681,0.8815,3.168.86.128,0.847,0.034499999999999975,False
